ID;Surname;Name;GivenName;SamAccountName;UserPrincipalName;EmailAdress;DisplayName;OU
1;Salome;Salome Alliston;Alliston;a.salome;a.salome;a.salome@kmr.lan;Alliston Salome;Tech
2;Sybyl;Sybyl Rossoni;Rossoni;r.sybyl;r.sybyl;r.sybyl@kmr.lan;Rossoni Sybyl;Tech
3;Eugenio;Eugenio Tabary;Tabary;t.eugenio;t.eugenio;t.eugenio@kmr.lan;Tabary Eugenio;Tech
4;Dalia;Dalia Treasure;Treasure;t.dalia;t.dalia;t.dalia@kmr.lan;Treasure Dalia;Tech
5;Abraham;Abraham Ludl;Ludl;l.abraham;l.abraham;l.abraham@kmr.lan;Ludl Abraham;Tech
6;Marcel;Marcel Marquiss;Marquiss;m.marcel;m.marcel;m.marcel@kmr.lan;Marquiss Marcel;Tech
7;Gerda;Gerda Blakeman;Blakeman;b.gerda;b.gerda;b.gerda@kmr.lan;Blakeman Gerda;Tech
8;Tracey;Tracey Rosenauer;Rosenauer;r.tracey;r.tracey;r.tracey@kmr.lan;Rosenauer Tracey;Tech
9;Gabey;Gabey Smethurst;Smethurst;s.gabey;s.gabey;s.gabey@kmr.lan;Smethurst Gabey;Tech
10;Terrye;Terrye Kauscher;Kauscher;k.terrye;k.terrye;k.terrye@kmr.lan;Kauscher Terrye;Tech
11;Talya;Talya McDunlevy;McDunlevy;m.talya;m.talya;m.talya@kmr.lan;McDunlevy Talya;Tech
12;Imogen;Imogen Ducket;Ducket;d.imogen;d.imogen;d.imogen@kmr.lan;Ducket Imogen;Tech
13;Annabella;Annabella Furtado;Furtado;f.annabella;f.annabella;f.annabella@kmr.lan;Furtado Annabella;Tech
14;Wain;Wain Down;Down;d.wain;d.wain;d.wain@kmr.lan;Down Wain;Tech
15;Star;Star Gerge;Gerge;g.star;g.star;g.star@kmr.lan;Gerge Star;Tech
16;Elly;Elly Argo;Argo;a.elly;a.elly;a.elly@kmr.lan;Argo Elly;Tech
17;Kellina;Kellina Fearon;Fearon;f.kellina;f.kellina;f.kellina@kmr.lan;Fearon Kellina;Tech
18;Nealon;Nealon Clopton;Clopton;c.nealon;c.nealon;c.nealon@kmr.lan;Clopton Nealon;Tech
19;Ashlen;Ashlen Battyll;Battyll;b.ashlen;b.ashlen;b.ashlen@kmr.lan;Battyll Ashlen;Tech
20;Iolande;Iolande Crutchley;Crutchley;c.iolande;c.iolande;c.iolande@kmr.lan;Crutchley Iolande;Tech
21;Agosto;Agosto Leisman;Leisman;l.agosto;l.agosto;l.agosto@kmr.lan;Leisman Agosto;Tech
22;Rab;Rab Chave;Chave;c.rab;c.rab;c.rab@kmr.lan;Chave Rab;Tech
23;Janet;Janet Wippermann;Wippermann;w.janet;w.janet;w.janet@kmr.lan;Wippermann Janet;Tech
24;Dill;Dill Galland;Galland;g.dill;g.dill;g.dill@kmr.lan;Galland Dill;Tech
25;Modestine;Modestine Woolrich;Woolrich;w.modestine;w.modestine;w.modestine@kmr.lan;Woolrich Modestine;Tech
26;Hildy;Hildy Louis;Louis;l.hildy;l.hildy;l.hildy@kmr.lan;Louis Hildy;Tech
27;Hershel;Hershel Sallings;Sallings;s.hershel;s.hershel;s.hershel@kmr.lan;Sallings Hershel;Tech
28;Eudora;Eudora Ironmonger;Ironmonger;i.eudora;i.eudora;i.eudora@kmr.lan;Ironmonger Eudora;Tech
29;Rochette;Rochette Napthine;Napthine;n.rochette;n.rochette;n.rochette@kmr.lan;Napthine Rochette;Tech
30;Gratia;Gratia Duran;Duran;d.gratia;d.gratia;d.gratia@kmr.lan;Duran Gratia;Tech
31;Sukey;Sukey Deignan;Deignan;d.sukey;d.sukey;d.sukey@kmr.lan;Deignan Sukey;Tech
32;Jacobo;Jacobo Corkel;Corkel;c.jacobo;c.jacobo;c.jacobo@kmr.lan;Corkel Jacobo;Tech
33;Arlan;Arlan Schuricke;Schuricke;s.arlan;s.arlan;s.arlan@kmr.lan;Schuricke Arlan;Tech
34;Harrietta;Harrietta Gable;Gable;g.harrietta;g.harrietta;g.harrietta@kmr.lan;Gable Harrietta;Tech
35;Ezra;Ezra Ridulfo;Ridulfo;r.ezra;r.ezra;r.ezra@kmr.lan;Ridulfo Ezra;Tech
36;Michel;Michel Rawlings;Rawlings;r.michel;r.michel;r.michel@kmr.lan;Rawlings Michel;Tech
37;Lory;Lory Patterson;Patterson;p.lory;p.lory;p.lory@kmr.lan;Patterson Lory;Tech
38;Pia;Pia Muncey;Muncey;m.pia;m.pia;m.pia@kmr.lan;Muncey Pia;Tech
39;Aridatha;Aridatha Klink;Klink;k.aridatha;k.aridatha;k.aridatha@kmr.lan;Klink Aridatha;Tech
40;Crin;Crin Dron;Dron;d.crin;d.crin;d.crin@kmr.lan;Dron Crin;Tech
41;Tierney;Tierney Maidlow;Maidlow;m.tierney;m.tierney;m.tierney@kmr.lan;Maidlow Tierney;Tech
42;Shelley;Shelley Flucks;Flucks;f.shelley;f.shelley;f.shelley@kmr.lan;Flucks Shelley;Tech
43;Andie;Andie Amy;Amy;a.andie;a.andie;a.andie@kmr.lan;Amy Andie;Tech
44;Alexi;Alexi Mowling;Mowling;m.alexi;m.alexi;m.alexi@kmr.lan;Mowling Alexi;Tech
45;Aggi;Aggi Sleany;Sleany;s.aggi;s.aggi;s.aggi@kmr.lan;Sleany Aggi;Tech
46;Gary;Gary Beckmann;Beckmann;b.gary;b.gary;b.gary@kmr.lan;Beckmann Gary;Tech
47;Charlton;Charlton Garvagh;Garvagh;g.charlton;g.charlton;g.charlton@kmr.lan;Garvagh Charlton;Tech
48;Kelly;Kelly Tilney;Tilney;t.kelly;t.kelly;t.kelly@kmr.lan;Tilney Kelly;Tech
49;Townie;Townie Haddinton;Haddinton;h.townie;h.townie;h.townie@kmr.lan;Haddinton Townie;Tech
50;Arther;Arther Skirlin;Skirlin;s.arther;s.arther;s.arther@kmr.lan;Skirlin Arther;Tech
51;Stuart;Stuart Casbolt;Casbolt;c.stuart;c.stuart;c.stuart@kmr.lan;Casbolt Stuart;Tech
52;Genni;Genni Albany;Albany;a.genni;a.genni;a.genni@kmr.lan;Albany Genni;Tech
53;Valerie;Valerie Lyven;Lyven;l.valerie;l.valerie;l.valerie@kmr.lan;Lyven Valerie;Tech
54;Jeddy;Jeddy Cobby;Cobby;c.jeddy;c.jeddy;c.jeddy@kmr.lan;Cobby Jeddy;Tech
55;Marabel;Marabel Kisar;Kisar;k.marabel;k.marabel;k.marabel@kmr.lan;Kisar Marabel;Tech
56;Ron;Ron Lendon;Lendon;l.ron;l.ron;l.ron@kmr.lan;Lendon Ron;Tech
57;Barney;Barney Lytton;Lytton;l.barney;l.barney;l.barney@kmr.lan;Lytton Barney;Tech
58;Kennett;Kennett Dumphy;Dumphy;d.kennett;d.kennett;d.kennett@kmr.lan;Dumphy Kennett;Tech
59;Sonnie;Sonnie Older;Older;o.sonnie;o.sonnie;o.sonnie@kmr.lan;Older Sonnie;Tech
60;Charo;Charo Newbury;Newbury;n.charo;n.charo;n.charo@kmr.lan;Newbury Charo;Tech
61;Berna;Berna Torbard;Torbard;t.berna;t.berna;t.berna@kmr.lan;Torbard Berna;Tech
62;Gradeigh;Gradeigh Mackiewicz;Mackiewicz;m.gradeigh;m.gradeigh;m.gradeigh@kmr.lan;Mackiewicz Gradeigh;Tech
63;Lavina;Lavina Idle;Idle;i.lavina;i.lavina;i.lavina@kmr.lan;Idle Lavina;Tech
64;Bethena;Bethena O'Skehan;O'Skehan;o.bethena;o.bethena;o.bethena@kmr.lan;O'Skehan Bethena;Tech
65;Pernell;Pernell Weinberg;Weinberg;w.pernell;w.pernell;w.pernell@kmr.lan;Weinberg Pernell;Tech
66;Millie;Millie Somerlie;Somerlie;s.millie;s.millie;s.millie@kmr.lan;Somerlie Millie;Tech
67;Nolana;Nolana Jouanet;Jouanet;j.nolana;j.nolana;j.nolana@kmr.lan;Jouanet Nolana;Tech
68;Sibley;Sibley McGerraghty;McGerraghty;m.sibley;m.sibley;m.sibley@kmr.lan;McGerraghty Sibley;Tech
69;Noble;Noble Ivie;Ivie;i.noble;i.noble;i.noble@kmr.lan;Ivie Noble;Tech
70;Fergus;Fergus Longworth;Longworth;l.fergus;l.fergus;l.fergus@kmr.lan;Longworth Fergus;Tech
71;Nelle;Nelle Carley;Carley;c.nelle;c.nelle;c.nelle@kmr.lan;Carley Nelle;Tech
72;Frans;Frans Bake;Bake;b.frans;b.frans;b.frans@kmr.lan;Bake Frans;Tech
73;Fons;Fons Lorroway;Lorroway;l.fons;l.fons;l.fons@kmr.lan;Lorroway Fons;Tech
74;Retha;Retha McNiff;McNiff;m.retha;m.retha;m.retha@kmr.lan;McNiff Retha;Tech
75;Muriel;Muriel Walker;Walker;w.muriel;w.muriel;w.muriel@kmr.lan;Walker Muriel;Tech
76;Saleem;Saleem Giveen;Giveen;g.saleem;g.saleem;g.saleem@kmr.lan;Giveen Saleem;Tech
77;Felisha;Felisha Mazillius;Mazillius;m.felisha;m.felisha;m.felisha@kmr.lan;Mazillius Felisha;Tech
78;Marylinda;Marylinda Toone;Toone;t.marylinda;t.marylinda;t.marylinda@kmr.lan;Toone Marylinda;Tech
79;Cyrill;Cyrill Praton;Praton;p.cyrill;p.cyrill;p.cyrill@kmr.lan;Praton Cyrill;Tech
80;Penny;Penny Ablett;Ablett;a.penny;a.penny;a.penny@kmr.lan;Ablett Penny;Tech
81;Kermie;Kermie Yakunchikov;Yakunchikov;y.kermie;y.kermie;y.kermie@kmr.lan;Yakunchikov Kermie;Tech
82;Teresita;Teresita Fernando;Fernando;f.teresita;f.teresita;f.teresita@kmr.lan;Fernando Teresita;Tech
83;Royall;Royall Gooday;Gooday;g.royall;g.royall;g.royall@kmr.lan;Gooday Royall;Tech
84;Darb;Darb Sheepy;Sheepy;s.darb;s.darb;s.darb@kmr.lan;Sheepy Darb;Tech
85;Jeanie;Jeanie Domke;Domke;d.jeanie;d.jeanie;d.jeanie@kmr.lan;Domke Jeanie;Tech
86;Silvano;Silvano MacAllister;MacAllister;m.silvano;m.silvano;m.silvano@kmr.lan;MacAllister Silvano;Tech
87;Ashla;Ashla Chelam;Chelam;c.ashla;c.ashla;c.ashla@kmr.lan;Chelam Ashla;Tech
88;Husein;Husein Lorrie;Lorrie;l.husein;l.husein;l.husein@kmr.lan;Lorrie Husein;Tech
89;Weber;Weber Garnul;Garnul;g.weber;g.weber;g.weber@kmr.lan;Garnul Weber;Tech
90;Sherm;Sherm Hutchason;Hutchason;h.sherm;h.sherm;h.sherm@kmr.lan;Hutchason Sherm;Tech
91;Gregoire;Gregoire Labbett;Labbett;l.gregoire;l.gregoire;l.gregoire@kmr.lan;Labbett Gregoire;Tech
92;Nikoletta;Nikoletta Scyner;Scyner;s.nikoletta;s.nikoletta;s.nikoletta@kmr.lan;Scyner Nikoletta;Tech
93;Issi;Issi Shingfield;Shingfield;s.issi;s.issi;s.issi@kmr.lan;Shingfield Issi;Tech
94;Chiquia;Chiquia Folling;Folling;f.chiquia;f.chiquia;f.chiquia@kmr.lan;Folling Chiquia;Tech
95;Norbert;Norbert Caplis;Caplis;c.norbert;c.norbert;c.norbert@kmr.lan;Caplis Norbert;Tech
96;Marj;Marj Arnett;Arnett;a.marj;a.marj;a.marj@kmr.lan;Arnett Marj;Tech
97;Robbi;Robbi Kilian;Kilian;k.robbi;k.robbi;k.robbi@kmr.lan;Kilian Robbi;Tech
98;Bret;Bret Jeppensen;Jeppensen;j.bret;j.bret;j.bret@kmr.lan;Jeppensen Bret;Tech
99;Ulrica;Ulrica Comiam;Comiam;c.ulrica;c.ulrica;c.ulrica@kmr.lan;Comiam Ulrica;Tech
100;Philippine;Philippine Holby;Holby;h.philippine;h.philippine;h.philippine@kmr.lan;Holby Philippine;Tech
101;Wally;Wally Leece;Leece;l.wally;l.wally;l.wally@kmr.lan;Leece Wally;Tech
102;Baldwin;Baldwin Hamberston;Hamberston;h.baldwin;h.baldwin;h.baldwin@kmr.lan;Hamberston Baldwin;Tech
103;Jamie;Jamie Paute;Paute;p.jamie;p.jamie;p.jamie@kmr.lan;Paute Jamie;Tech
104;Lenora;Lenora Pragnall;Pragnall;p.lenora;p.lenora;p.lenora@kmr.lan;Pragnall Lenora;Tech
105;Sande;Sande Baldazzi;Baldazzi;b.sande;b.sande;b.sande@kmr.lan;Baldazzi Sande;Tech
106;Ossie;Ossie Creamer;Creamer;c.ossie;c.ossie;c.ossie@kmr.lan;Creamer Ossie;Tech
107;Ike;Ike Dumper;Dumper;d.ike;d.ike;d.ike@kmr.lan;Dumper Ike;Tech
108;Ophelia;Ophelia Groven;Groven;g.ophelia;g.ophelia;g.ophelia@kmr.lan;Groven Ophelia;Tech
109;Maria;Maria Dobrowski;Dobrowski;d.maria;d.maria;d.maria@kmr.lan;Dobrowski Maria;Tech
110;Lowe;Lowe Jakubczyk;Jakubczyk;j.lowe;j.lowe;j.lowe@kmr.lan;Jakubczyk Lowe;Tech
111;Don;Don De Domenicis;De Domenicis;d.don;d.don;d.don@kmr.lan;De Domenicis Don;Tech
112;Kurtis;Kurtis Krzyzowski;Krzyzowski;k.kurtis;k.kurtis;k.kurtis@kmr.lan;Krzyzowski Kurtis;Tech
113;Nicky;Nicky Locksley;Locksley;l.nicky;l.nicky;l.nicky@kmr.lan;Locksley Nicky;Tech
114;Lotti;Lotti Lanphier;Lanphier;l.lotti;l.lotti;l.lotti@kmr.lan;Lanphier Lotti;Tech
115;Ambur;Ambur Taft;Taft;t.ambur;t.ambur;t.ambur@kmr.lan;Taft Ambur;Tech
116;Celesta;Celesta Siveyer;Siveyer;s.celesta;s.celesta;s.celesta@kmr.lan;Siveyer Celesta;Tech
117;Jemmy;Jemmy Matthensen;Matthensen;m.jemmy;m.jemmy;m.jemmy@kmr.lan;Matthensen Jemmy;Tech
118;Godfry;Godfry Heindrick;Heindrick;h.godfry;h.godfry;h.godfry@kmr.lan;Heindrick Godfry;Tech
119;Pamella;Pamella Remer;Remer;r.pamella;r.pamella;r.pamella@kmr.lan;Remer Pamella;Tech
120;Quinta;Quinta Griffitt;Griffitt;g.quinta;g.quinta;g.quinta@kmr.lan;Griffitt Quinta;Tech
121;Jaime;Jaime Minci;Minci;m.jaime;m.jaime;m.jaime@kmr.lan;Minci Jaime;Tech
122;Quinton;Quinton Bates;Bates;b.quinton;b.quinton;b.quinton@kmr.lan;Bates Quinton;Tech
123;Juline;Juline Aronovich;Aronovich;a.juline;a.juline;a.juline@kmr.lan;Aronovich Juline;Tech
124;Petronille;Petronille Momford;Momford;m.petronille;m.petronille;m.petronille@kmr.lan;Momford Petronille;Tech
125;Gal;Gal Negro;Negro;n.gal;n.gal;n.gal@kmr.lan;Negro Gal;Tech
126;Fernandina;Fernandina Croan;Croan;c.fernandina;c.fernandina;c.fernandina@kmr.lan;Croan Fernandina;Tech
127;Romeo;Romeo Burston;Burston;b.romeo;b.romeo;b.romeo@kmr.lan;Burston Romeo;Tech
128;Babita;Babita Cattroll;Cattroll;c.babita;c.babita;c.babita@kmr.lan;Cattroll Babita;Tech
129;Hinda;Hinda Godbolt;Godbolt;g.hinda;g.hinda;g.hinda@kmr.lan;Godbolt Hinda;Tech
130;Jeromy;Jeromy Hamm;Hamm;h.jeromy;h.jeromy;h.jeromy@kmr.lan;Hamm Jeromy;Tech
131;Legra;Legra Sidworth;Sidworth;s.legra;s.legra;s.legra@kmr.lan;Sidworth Legra;Tech
132;Caryl;Caryl Eddowis;Eddowis;e.caryl;e.caryl;e.caryl@kmr.lan;Eddowis Caryl;Tech
133;Leanna;Leanna MacBean;MacBean;m.leanna;m.leanna;m.leanna@kmr.lan;MacBean Leanna;Tech
134;Cynthia;Cynthia Prynne;Prynne;p.cynthia;p.cynthia;p.cynthia@kmr.lan;Prynne Cynthia;Tech
135;Rand;Rand Twidle;Twidle;t.rand;t.rand;t.rand@kmr.lan;Twidle Rand;Tech
136;Katina;Katina Kinnard;Kinnard;k.katina;k.katina;k.katina@kmr.lan;Kinnard Katina;Tech
137;Esme;Esme Dobrowlski;Dobrowlski;d.esme;d.esme;d.esme@kmr.lan;Dobrowlski Esme;Tech
138;Lettie;Lettie Janouch;Janouch;j.lettie;j.lettie;j.lettie@kmr.lan;Janouch Lettie;Tech
139;Flemming;Flemming Muncie;Muncie;m.flemming;m.flemming;m.flemming@kmr.lan;Muncie Flemming;Tech
140;Luisa;Luisa Musla;Musla;m.luisa;m.luisa;m.luisa@kmr.lan;Musla Luisa;Tech
141;Ninette;Ninette Lindberg;Lindberg;l.ninette;l.ninette;l.ninette@kmr.lan;Lindberg Ninette;Tech
142;Justin;Justin Larraway;Larraway;l.justin;l.justin;l.justin@kmr.lan;Larraway Justin;Tech
143;Joey;Joey Yeell;Yeell;y.joey;y.joey;y.joey@kmr.lan;Yeell Joey;Tech
144;Tamara;Tamara Philipot;Philipot;p.tamara;p.tamara;p.tamara@kmr.lan;Philipot Tamara;Tech
145;Baxie;Baxie Swancock;Swancock;s.baxie;s.baxie;s.baxie@kmr.lan;Swancock Baxie;Tech
146;Desmond;Desmond Edgerton;Edgerton;e.desmond;e.desmond;e.desmond@kmr.lan;Edgerton Desmond;Tech
147;Revkah;Revkah Cornilleau;Cornilleau;c.revkah;c.revkah;c.revkah@kmr.lan;Cornilleau Revkah;Tech
148;Ketti;Ketti Allawy;Allawy;a.ketti;a.ketti;a.ketti@kmr.lan;Allawy Ketti;Tech
149;Bobbee;Bobbee Atyeo;Atyeo;a.bobbee;a.bobbee;a.bobbee@kmr.lan;Atyeo Bobbee;Tech
150;Kellsie;Kellsie Orringe;Orringe;o.kellsie;o.kellsie;o.kellsie@kmr.lan;Orringe Kellsie;Tech
151;Ryan;Ryan Rutland;Rutland;r.ryan;r.ryan;r.ryan@kmr.lan;Rutland Ryan;Tech
152;Martguerita;Martguerita Gascoine;Gascoine;g.martguerita;g.martguerita;g.martguerita@kmr.lan;Gascoine Martguerita;Tech
153;Samaria;Samaria Doohan;Doohan;d.samaria;d.samaria;d.samaria@kmr.lan;Doohan Samaria;Tech
154;Daisey;Daisey Hartropp;Hartropp;h.daisey;h.daisey;h.daisey@kmr.lan;Hartropp Daisey;Tech
155;Alvie;Alvie Goodge;Goodge;g.alvie;g.alvie;g.alvie@kmr.lan;Goodge Alvie;Tech
156;Randolph;Randolph Benford;Benford;b.randolph;b.randolph;b.randolph@kmr.lan;Benford Randolph;Tech
157;Ev;Ev Copcott;Copcott;c.ev;c.ev;c.ev@kmr.lan;Copcott Ev;Tech
158;Chlo;Chlo Botton;Botton;b.chlo;b.chlo;b.chlo@kmr.lan;Botton Chlo;Tech
159;Francyne;Francyne Radeliffe;Radeliffe;r.francyne;r.francyne;r.francyne@kmr.lan;Radeliffe Francyne;Tech
160;Selinda;Selinda Clissett;Clissett;c.selinda;c.selinda;c.selinda@kmr.lan;Clissett Selinda;Tech
161;Ashly;Ashly Goudie;Goudie;g.ashly;g.ashly;g.ashly@kmr.lan;Goudie Ashly;Tech
162;Anett;Anett O'Bruen;O'Bruen;o.anett;o.anett;o.anett@kmr.lan;O'Bruen Anett;Tech
163;Arley;Arley Hamly;Hamly;h.arley;h.arley;h.arley@kmr.lan;Hamly Arley;Tech
164;Quinlan;Quinlan Mc Pake;Mc Pake;m.quinlan;m.quinlan;m.quinlan@kmr.lan;Mc Pake Quinlan;Tech
165;Ainslee;Ainslee Records;Records;r.ainslee;r.ainslee;r.ainslee@kmr.lan;Records Ainslee;Tech
166;Yasmin;Yasmin Lushey;Lushey;l.yasmin;l.yasmin;l.yasmin@kmr.lan;Lushey Yasmin;Tech
167;Stephine;Stephine Dickon;Dickon;d.stephine;d.stephine;d.stephine@kmr.lan;Dickon Stephine;Tech
168;Celina;Celina Meadmore;Meadmore;m.celina;m.celina;m.celina@kmr.lan;Meadmore Celina;Tech
169;Javier;Javier Penvarne;Penvarne;p.javier;p.javier;p.javier@kmr.lan;Penvarne Javier;Tech
170;Cissiee;Cissiee Dimmer;Dimmer;d.cissiee;d.cissiee;d.cissiee@kmr.lan;Dimmer Cissiee;Tech
171;Perren;Perren MacRitchie;MacRitchie;m.perren;m.perren;m.perren@kmr.lan;MacRitchie Perren;Tech
172;Hephzibah;Hephzibah Barrowcliff;Barrowcliff;b.hephzibah;b.hephzibah;b.hephzibah@kmr.lan;Barrowcliff Hephzibah;Tech
173;Cari;Cari Benallack;Benallack;b.cari;b.cari;b.cari@kmr.lan;Benallack Cari;Tech
174;Matthew;Matthew Ingham;Ingham;i.matthew;i.matthew;i.matthew@kmr.lan;Ingham Matthew;Tech
175;Brocky;Brocky Serridge;Serridge;s.brocky;s.brocky;s.brocky@kmr.lan;Serridge Brocky;Tech
176;Alexi;Alexi Newdick;Newdick;n.alexi;n.alexi;n.alexi@kmr.lan;Newdick Alexi;Tech
177;Angil;Angil Cristou;Cristou;c.angil;c.angil;c.angil@kmr.lan;Cristou Angil;Tech
178;Morie;Morie Wank;Wank;w.morie;w.morie;w.morie@kmr.lan;Wank Morie;Tech
179;Zuzana;Zuzana Treverton;Treverton;t.zuzana;t.zuzana;t.zuzana@kmr.lan;Treverton Zuzana;Tech
180;Clotilda;Clotilda Evered;Evered;e.clotilda;e.clotilda;e.clotilda@kmr.lan;Evered Clotilda;Tech
181;Danni;Danni Annice;Annice;a.danni;a.danni;a.danni@kmr.lan;Annice Danni;Tech
182;Jojo;Jojo Timby;Timby;t.jojo;t.jojo;t.jojo@kmr.lan;Timby Jojo;Tech
183;Honoria;Honoria Yanele;Yanele;y.honoria;y.honoria;y.honoria@kmr.lan;Yanele Honoria;Tech
184;Anestassia;Anestassia Chadbourn;Chadbourn;c.anestassia;c.anestassia;c.anestassia@kmr.lan;Chadbourn Anestassia;Tech
185;Sherie;Sherie Copin;Copin;c.sherie;c.sherie;c.sherie@kmr.lan;Copin Sherie;Tech
186;Malchy;Malchy Ventham;Ventham;v.malchy;v.malchy;v.malchy@kmr.lan;Ventham Malchy;Tech
187;Loralyn;Loralyn Kaley;Kaley;k.loralyn;k.loralyn;k.loralyn@kmr.lan;Kaley Loralyn;Tech
188;Desiri;Desiri Delepine;Delepine;d.desiri;d.desiri;d.desiri@kmr.lan;Delepine Desiri;Tech
189;Morten;Morten Suttaby;Suttaby;s.morten;s.morten;s.morten@kmr.lan;Suttaby Morten;Tech
190;Sarge;Sarge Scottesmoor;Scottesmoor;s.sarge;s.sarge;s.sarge@kmr.lan;Scottesmoor Sarge;Tech
191;Lucais;Lucais Gilluley;Gilluley;g.lucais;g.lucais;g.lucais@kmr.lan;Gilluley Lucais;Tech
192;Scot;Scot Losemann;Losemann;l.scot;l.scot;l.scot@kmr.lan;Losemann Scot;Tech
193;Dick;Dick Lorrimer;Lorrimer;l.dick;l.dick;l.dick@kmr.lan;Lorrimer Dick;Tech
194;Thorstein;Thorstein Aspel;Aspel;a.thorstein;a.thorstein;a.thorstein@kmr.lan;Aspel Thorstein;Tech
195;Raine;Raine Morforth;Morforth;m.raine;m.raine;m.raine@kmr.lan;Morforth Raine;Tech
196;Catherina;Catherina Roath;Roath;r.catherina;r.catherina;r.catherina@kmr.lan;Roath Catherina;Tech
197;Corette;Corette Melarkey;Melarkey;m.corette;m.corette;m.corette@kmr.lan;Melarkey Corette;Tech
198;Davey;Davey Hincham;Hincham;h.davey;h.davey;h.davey@kmr.lan;Hincham Davey;Tech
199;Frazer;Frazer Anderton;Anderton;a.frazer;a.frazer;a.frazer@kmr.lan;Anderton Frazer;Tech
200;Kaylil;Kaylil Blincowe;Blincowe;b.kaylil;b.kaylil;b.kaylil@kmr.lan;Blincowe Kaylil;Tech
201;Margarette;Margarette Labuschagne;Labuschagne;l.margarette;l.margarette;l.margarette@kmr.lan;Labuschagne Margarette;Tech
202;Joan;Joan Bowell;Bowell;b.joan;b.joan;b.joan@kmr.lan;Bowell Joan;Tech
203;Joana;Joana Catto;Catto;c.joana;c.joana;c.joana@kmr.lan;Catto Joana;Tech
204;Erinna;Erinna Glave;Glave;g.erinna;g.erinna;g.erinna@kmr.lan;Glave Erinna;Tech
205;Andy;Andy Peerless;Peerless;p.andy;p.andy;p.andy@kmr.lan;Peerless Andy;Tech
206;Pauletta;Pauletta Fentem;Fentem;f.pauletta;f.pauletta;f.pauletta@kmr.lan;Fentem Pauletta;Tech
207;Kirsteni;Kirsteni Shearmur;Shearmur;s.kirsteni;s.kirsteni;s.kirsteni@kmr.lan;Shearmur Kirsteni;Tech
208;Amelina;Amelina Schooley;Schooley;s.amelina;s.amelina;s.amelina@kmr.lan;Schooley Amelina;Tech
209;Aurora;Aurora Pfiffer;Pfiffer;p.aurora;p.aurora;p.aurora@kmr.lan;Pfiffer Aurora;Tech
210;Sheela;Sheela Moyce;Moyce;m.sheela;m.sheela;m.sheela@kmr.lan;Moyce Sheela;Tech
211;Freddy;Freddy Hogbin;Hogbin;h.freddy;h.freddy;h.freddy@kmr.lan;Hogbin Freddy;Tech
212;Fifi;Fifi Sellens;Sellens;s.fifi;s.fifi;s.fifi@kmr.lan;Sellens Fifi;Tech
213;Bruis;Bruis Ritmeier;Ritmeier;r.bruis;r.bruis;r.bruis@kmr.lan;Ritmeier Bruis;Tech
214;Read;Read MacParland;MacParland;m.read;m.read;m.read@kmr.lan;MacParland Read;Tech
215;Boote;Boote Jenks;Jenks;j.boote;j.boote;j.boote@kmr.lan;Jenks Boote;Tech
216;Merrill;Merrill Fitzsymon;Fitzsymon;f.merrill;f.merrill;f.merrill@kmr.lan;Fitzsymon Merrill;Tech
217;Abraham;Abraham Whorlton;Whorlton;w.abraham;w.abraham;w.abraham@kmr.lan;Whorlton Abraham;Tech
218;Brittne;Brittne Mohammed;Mohammed;m.brittne;m.brittne;m.brittne@kmr.lan;Mohammed Brittne;Tech
219;Zola;Zola Stallwood;Stallwood;s.zola;s.zola;s.zola@kmr.lan;Stallwood Zola;Tech
220;Henry;Henry Mansour;Mansour;m.henry;m.henry;m.henry@kmr.lan;Mansour Henry;Tech
221;Dagny;Dagny Westbury;Westbury;w.dagny;w.dagny;w.dagny@kmr.lan;Westbury Dagny;Tech
222;Rania;Rania Cape;Cape;c.rania;c.rania;c.rania@kmr.lan;Cape Rania;Tech
223;Cosme;Cosme McDuff;McDuff;m.cosme;m.cosme;m.cosme@kmr.lan;McDuff Cosme;Tech
224;Malia;Malia Duding;Duding;d.malia;d.malia;d.malia@kmr.lan;Duding Malia;Tech
225;Katti;Katti Coucher;Coucher;c.katti;c.katti;c.katti@kmr.lan;Coucher Katti;Tech
226;Pet;Pet Wroath;Wroath;w.pet;w.pet;w.pet@kmr.lan;Wroath Pet;Tech
227;Emelyne;Emelyne Gaine of England;Gaine of England;g.emelyne;g.emelyne;g.emelyne@kmr.lan;Gaine of England Emelyne;Tech
228;Cosme;Cosme Chivers;Chivers;c.cosme;c.cosme;c.cosme@kmr.lan;Chivers Cosme;Tech
229;Hollyanne;Hollyanne Balasin;Balasin;b.hollyanne;b.hollyanne;b.hollyanne@kmr.lan;Balasin Hollyanne;Tech
230;Heloise;Heloise Choules;Choules;c.heloise;c.heloise;c.heloise@kmr.lan;Choules Heloise;Tech
231;Audry;Audry Orta;Orta;o.audry;o.audry;o.audry@kmr.lan;Orta Audry;Tech
232;Greer;Greer Milligan;Milligan;m.greer;m.greer;m.greer@kmr.lan;Milligan Greer;Tech
233;Margalit;Margalit Augur;Augur;a.margalit;a.margalit;a.margalit@kmr.lan;Augur Margalit;Tech
234;Vina;Vina Jenking;Jenking;j.vina;j.vina;j.vina@kmr.lan;Jenking Vina;Tech
235;Mathias;Mathias Ney;Ney;n.mathias;n.mathias;n.mathias@kmr.lan;Ney Mathias;Tech
236;Jaquelyn;Jaquelyn Musterd;Musterd;m.jaquelyn;m.jaquelyn;m.jaquelyn@kmr.lan;Musterd Jaquelyn;Tech
237;Casi;Casi Poure;Poure;p.casi;p.casi;p.casi@kmr.lan;Poure Casi;Tech
238;Gayler;Gayler Smithin;Smithin;s.gayler;s.gayler;s.gayler@kmr.lan;Smithin Gayler;Tech
239;Sheila-kathryn;Sheila-kathryn Wackett;Wackett;w.sheila-kathryn;w.sheila-kathryn;w.sheila-kathryn@kmr.lan;Wackett Sheila-kathryn;Tech
240;Terrell;Terrell Kimmince;Kimmince;k.terrell;k.terrell;k.terrell@kmr.lan;Kimmince Terrell;Tech
241;Guthrie;Guthrie Sircombe;Sircombe;s.guthrie;s.guthrie;s.guthrie@kmr.lan;Sircombe Guthrie;Tech
242;Rod;Rod Tomasz;Tomasz;t.rod;t.rod;t.rod@kmr.lan;Tomasz Rod;Tech
243;Brynna;Brynna Gorries;Gorries;g.brynna;g.brynna;g.brynna@kmr.lan;Gorries Brynna;Tech
244;Janice;Janice Oolahan;Oolahan;o.janice;o.janice;o.janice@kmr.lan;Oolahan Janice;Tech
245;Winnah;Winnah Ettels;Ettels;e.winnah;e.winnah;e.winnah@kmr.lan;Ettels Winnah;Tech
246;Eveline;Eveline Gomby;Gomby;g.eveline;g.eveline;g.eveline@kmr.lan;Gomby Eveline;Tech
247;Aluin;Aluin Ragborne;Ragborne;r.aluin;r.aluin;r.aluin@kmr.lan;Ragborne Aluin;Tech
248;Faith;Faith Di Boldi;Di Boldi;d.faith;d.faith;d.faith@kmr.lan;Di Boldi Faith;Tech
249;Gian;Gian Fooks;Fooks;f.gian;f.gian;f.gian@kmr.lan;Fooks Gian;Tech
250;Carrie;Carrie Wethered;Wethered;w.carrie;w.carrie;w.carrie@kmr.lan;Wethered Carrie;Tech
251;Tallulah;Tallulah Hedditeh;Hedditeh;h.tallulah;h.tallulah;h.tallulah@kmr.lan;Hedditeh Tallulah;Tech
252;Basil;Basil Assad;Assad;a.basil;a.basil;a.basil@kmr.lan;Assad Basil;Tech
253;Archy;Archy Sydes;Sydes;s.archy;s.archy;s.archy@kmr.lan;Sydes Archy;Tech
254;Archie;Archie Vaughn;Vaughn;v.archie;v.archie;v.archie@kmr.lan;Vaughn Archie;Tech
255;Abelard;Abelard Thompkins;Thompkins;t.abelard;t.abelard;t.abelard@kmr.lan;Thompkins Abelard;Tech
256;Marilyn;Marilyn Bartol;Bartol;b.marilyn;b.marilyn;b.marilyn@kmr.lan;Bartol Marilyn;Tech
257;Filmer;Filmer Georgelin;Georgelin;g.filmer;g.filmer;g.filmer@kmr.lan;Georgelin Filmer;Tech
258;Joice;Joice Danit;Danit;d.joice;d.joice;d.joice@kmr.lan;Danit Joice;Tech
259;Jacqueline;Jacqueline Lindner;Lindner;l.jacqueline;l.jacqueline;l.jacqueline@kmr.lan;Lindner Jacqueline;Tech
260;Bobbie;Bobbie Hakes;Hakes;h.bobbie;h.bobbie;h.bobbie@kmr.lan;Hakes Bobbie;Tech
261;Garwin;Garwin Browncey;Browncey;b.garwin;b.garwin;b.garwin@kmr.lan;Browncey Garwin;Tech
262;Burg;Burg Moorfield;Moorfield;m.burg;m.burg;m.burg@kmr.lan;Moorfield Burg;Tech
263;Lucky;Lucky Punshon;Punshon;p.lucky;p.lucky;p.lucky@kmr.lan;Punshon Lucky;Tech
264;Ephrem;Ephrem Lebourn;Lebourn;l.ephrem;l.ephrem;l.ephrem@kmr.lan;Lebourn Ephrem;Tech
265;Muffin;Muffin Hallaways;Hallaways;h.muffin;h.muffin;h.muffin@kmr.lan;Hallaways Muffin;Tech
266;Gerardo;Gerardo Santarelli;Santarelli;s.gerardo;s.gerardo;s.gerardo@kmr.lan;Santarelli Gerardo;Tech
267;Kristian;Kristian Tod;Tod;t.kristian;t.kristian;t.kristian@kmr.lan;Tod Kristian;Tech
268;Jewelle;Jewelle Bartczak;Bartczak;b.jewelle;b.jewelle;b.jewelle@kmr.lan;Bartczak Jewelle;Tech
269;Wendall;Wendall Hansley;Hansley;h.wendall;h.wendall;h.wendall@kmr.lan;Hansley Wendall;Tech
270;Lynett;Lynett Szymanski;Szymanski;s.lynett;s.lynett;s.lynett@kmr.lan;Szymanski Lynett;Tech
271;Arlena;Arlena Canlin;Canlin;c.arlena;c.arlena;c.arlena@kmr.lan;Canlin Arlena;Tech
272;Vonni;Vonni Simkovitz;Simkovitz;s.vonni;s.vonni;s.vonni@kmr.lan;Simkovitz Vonni;Tech
273;Shelli;Shelli Mioni;Mioni;m.shelli;m.shelli;m.shelli@kmr.lan;Mioni Shelli;Tech
274;Sydelle;Sydelle Ormston;Ormston;o.sydelle;o.sydelle;o.sydelle@kmr.lan;Ormston Sydelle;Tech
275;Ashlan;Ashlan Delafoy;Delafoy;d.ashlan;d.ashlan;d.ashlan@kmr.lan;Delafoy Ashlan;Tech
276;Natalya;Natalya Trinke;Trinke;t.natalya;t.natalya;t.natalya@kmr.lan;Trinke Natalya;Tech
277;Shepard;Shepard Braniff;Braniff;b.shepard;b.shepard;b.shepard@kmr.lan;Braniff Shepard;Tech
278;Emmy;Emmy O'Lunny;O'Lunny;o.emmy;o.emmy;o.emmy@kmr.lan;O'Lunny Emmy;Tech
279;Rollie;Rollie Murrum;Murrum;m.rollie;m.rollie;m.rollie@kmr.lan;Murrum Rollie;Tech
280;Chrisse;Chrisse MacMoyer;MacMoyer;m.chrisse;m.chrisse;m.chrisse@kmr.lan;MacMoyer Chrisse;Tech
281;Urbain;Urbain Paulon;Paulon;p.urbain;p.urbain;p.urbain@kmr.lan;Paulon Urbain;Tech
282;Fabien;Fabien Oby;Oby;o.fabien;o.fabien;o.fabien@kmr.lan;Oby Fabien;Tech
283;Isis;Isis Corkhill;Corkhill;c.isis;c.isis;c.isis@kmr.lan;Corkhill Isis;Tech
284;Sarina;Sarina Paunton;Paunton;p.sarina;p.sarina;p.sarina@kmr.lan;Paunton Sarina;Tech
285;Alvy;Alvy Lochet;Lochet;l.alvy;l.alvy;l.alvy@kmr.lan;Lochet Alvy;Tech
286;Moritz;Moritz Bagworth;Bagworth;b.moritz;b.moritz;b.moritz@kmr.lan;Bagworth Moritz;Tech
287;Craig;Craig Farries;Farries;f.craig;f.craig;f.craig@kmr.lan;Farries Craig;Tech
288;Renaud;Renaud Dodamead;Dodamead;d.renaud;d.renaud;d.renaud@kmr.lan;Dodamead Renaud;Tech
289;Kimbra;Kimbra Gurney;Gurney;g.kimbra;g.kimbra;g.kimbra@kmr.lan;Gurney Kimbra;Tech
290;Engelbert;Engelbert Henstridge;Henstridge;h.engelbert;h.engelbert;h.engelbert@kmr.lan;Henstridge Engelbert;Tech
291;Maren;Maren Crickmer;Crickmer;c.maren;c.maren;c.maren@kmr.lan;Crickmer Maren;Tech
292;Bethanne;Bethanne Serle;Serle;s.bethanne;s.bethanne;s.bethanne@kmr.lan;Serle Bethanne;Tech
293;Durante;Durante Monkleigh;Monkleigh;m.durante;m.durante;m.durante@kmr.lan;Monkleigh Durante;Tech
294;Hyacintha;Hyacintha Shelp;Shelp;s.hyacintha;s.hyacintha;s.hyacintha@kmr.lan;Shelp Hyacintha;Tech
295;Dyna;Dyna Ivushkin;Ivushkin;i.dyna;i.dyna;i.dyna@kmr.lan;Ivushkin Dyna;Tech
296;Modesty;Modesty Lodford;Lodford;l.modesty;l.modesty;l.modesty@kmr.lan;Lodford Modesty;Tech
297;Lief;Lief Gibbin;Gibbin;g.lief;g.lief;g.lief@kmr.lan;Gibbin Lief;Tech
298;Gilli;Gilli MacLure;MacLure;m.gilli;m.gilli;m.gilli@kmr.lan;MacLure Gilli;Tech
299;Craggie;Craggie Mealiffe;Mealiffe;m.craggie;m.craggie;m.craggie@kmr.lan;Mealiffe Craggie;Tech
300;Stefania;Stefania Mylchreest;Mylchreest;m.stefania;m.stefania;m.stefania@kmr.lan;Mylchreest Stefania;Tech
301;Jyoti;Jyoti Esley;Esley;e.jyoti;e.jyoti;e.jyoti@kmr.lan;Esley Jyoti;Tech
302;Corilla;Corilla Worssam;Worssam;w.corilla;w.corilla;w.corilla@kmr.lan;Worssam Corilla;Tech
303;Junette;Junette Filler;Filler;f.junette;f.junette;f.junette@kmr.lan;Filler Junette;Tech
304;Kristan;Kristan Stearley;Stearley;s.kristan;s.kristan;s.kristan@kmr.lan;Stearley Kristan;Tech
305;Veronika;Veronika Bashford;Bashford;b.veronika;b.veronika;b.veronika@kmr.lan;Bashford Veronika;Tech
306;Mara;Mara Vidler;Vidler;v.mara;v.mara;v.mara@kmr.lan;Vidler Mara;Tech
307;Clo;Clo Donnelly;Donnelly;d.clo;d.clo;d.clo@kmr.lan;Donnelly Clo;Tech
308;Rosalyn;Rosalyn Curzon;Curzon;c.rosalyn;c.rosalyn;c.rosalyn@kmr.lan;Curzon Rosalyn;Tech
309;Vaughn;Vaughn Greetham;Greetham;g.vaughn;g.vaughn;g.vaughn@kmr.lan;Greetham Vaughn;Tech
310;Dasha;Dasha Busch;Busch;b.dasha;b.dasha;b.dasha@kmr.lan;Busch Dasha;Tech
311;Gerry;Gerry Renols;Renols;r.gerry;r.gerry;r.gerry@kmr.lan;Renols Gerry;Tech
312;Kristin;Kristin Hallan;Hallan;h.kristin;h.kristin;h.kristin@kmr.lan;Hallan Kristin;Tech
313;Sheppard;Sheppard Fells;Fells;f.sheppard;f.sheppard;f.sheppard@kmr.lan;Fells Sheppard;Tech
314;Aliza;Aliza Segrave;Segrave;s.aliza;s.aliza;s.aliza@kmr.lan;Segrave Aliza;Tech
315;Max;Max Spender;Spender;s.max;s.max;s.max@kmr.lan;Spender Max;Tech
316;Darsey;Darsey Scherme;Scherme;s.darsey;s.darsey;s.darsey@kmr.lan;Scherme Darsey;Tech
317;Barrett;Barrett Friskey;Friskey;f.barrett;f.barrett;f.barrett@kmr.lan;Friskey Barrett;Tech
318;Geoffrey;Geoffrey Blackeby;Blackeby;b.geoffrey;b.geoffrey;b.geoffrey@kmr.lan;Blackeby Geoffrey;Tech
319;Nathanial;Nathanial Goodlip;Goodlip;g.nathanial;g.nathanial;g.nathanial@kmr.lan;Goodlip Nathanial;Tech
320;Mandy;Mandy Spinetti;Spinetti;s.mandy;s.mandy;s.mandy@kmr.lan;Spinetti Mandy;Tech
321;Sashenka;Sashenka Khadir;Khadir;k.sashenka;k.sashenka;k.sashenka@kmr.lan;Khadir Sashenka;Tech
322;Magnum;Magnum Bushe;Bushe;b.magnum;b.magnum;b.magnum@kmr.lan;Bushe Magnum;Tech
323;Devonna;Devonna Casazza;Casazza;c.devonna;c.devonna;c.devonna@kmr.lan;Casazza Devonna;Tech
324;Broddie;Broddie Nortcliffe;Nortcliffe;n.broddie;n.broddie;n.broddie@kmr.lan;Nortcliffe Broddie;Tech
325;Ranice;Ranice Rowthorn;Rowthorn;r.ranice;r.ranice;r.ranice@kmr.lan;Rowthorn Ranice;Tech
326;Sabina;Sabina Mc Giffin;Mc Giffin;m.sabina;m.sabina;m.sabina@kmr.lan;Mc Giffin Sabina;Tech
327;Wilone;Wilone Trenchard;Trenchard;t.wilone;t.wilone;t.wilone@kmr.lan;Trenchard Wilone;Tech
328;Karney;Karney Hatliff;Hatliff;h.karney;h.karney;h.karney@kmr.lan;Hatliff Karney;Tech
329;Amelina;Amelina Tyer;Tyer;t.amelina;t.amelina;t.amelina@kmr.lan;Tyer Amelina;Tech
330;Hartwell;Hartwell Tow;Tow;t.hartwell;t.hartwell;t.hartwell@kmr.lan;Tow Hartwell;Tech
331;Mathilde;Mathilde Netherwood;Netherwood;n.mathilde;n.mathilde;n.mathilde@kmr.lan;Netherwood Mathilde;Tech
332;Rodina;Rodina Smiz;Smiz;s.rodina;s.rodina;s.rodina@kmr.lan;Smiz Rodina;Tech
333;Ursula;Ursula Fullerd;Fullerd;f.ursula;f.ursula;f.ursula@kmr.lan;Fullerd Ursula;Tech
334;Jorie;Jorie Franies;Franies;f.jorie;f.jorie;f.jorie@kmr.lan;Franies Jorie;Tech
335;Mathew;Mathew Chace;Chace;c.mathew;c.mathew;c.mathew@kmr.lan;Chace Mathew;Tech
336;Aron;Aron Bau;Bau;b.aron;b.aron;b.aron@kmr.lan;Bau Aron;Tech
337;Aretha;Aretha Christaeas;Christaeas;c.aretha;c.aretha;c.aretha@kmr.lan;Christaeas Aretha;Tech
338;Willy;Willy Dimitru;Dimitru;d.willy;d.willy;d.willy@kmr.lan;Dimitru Willy;Tech
339;Marjorie;Marjorie Harder;Harder;h.marjorie;h.marjorie;h.marjorie@kmr.lan;Harder Marjorie;Tech
340;Blaine;Blaine Peacock;Peacock;p.blaine;p.blaine;p.blaine@kmr.lan;Peacock Blaine;Tech
341;Gram;Gram Coleson;Coleson;c.gram;c.gram;c.gram@kmr.lan;Coleson Gram;Tech
342;Traci;Traci Harrisson;Harrisson;h.traci;h.traci;h.traci@kmr.lan;Harrisson Traci;Tech
343;Isabeau;Isabeau Schachter;Schachter;s.isabeau;s.isabeau;s.isabeau@kmr.lan;Schachter Isabeau;Tech
344;Anthe;Anthe Cremen;Cremen;c.anthe;c.anthe;c.anthe@kmr.lan;Cremen Anthe;Tech
345;Charmion;Charmion Dowdall;Dowdall;d.charmion;d.charmion;d.charmion@kmr.lan;Dowdall Charmion;Tech
346;Faunie;Faunie Duffil;Duffil;d.faunie;d.faunie;d.faunie@kmr.lan;Duffil Faunie;Tech
347;Cordelia;Cordelia Aldwinckle;Aldwinckle;a.cordelia;a.cordelia;a.cordelia@kmr.lan;Aldwinckle Cordelia;Tech
348;Wilie;Wilie Zanussii;Zanussii;z.wilie;z.wilie;z.wilie@kmr.lan;Zanussii Wilie;Tech
349;Marie-jeanne;Marie-jeanne Leake;Leake;l.marie-jeanne;l.marie-jeanne;l.marie-jeanne@kmr.lan;Leake Marie-jeanne;Tech
350;Emiline;Emiline Vakhonin;Vakhonin;v.emiline;v.emiline;v.emiline@kmr.lan;Vakhonin Emiline;Tech
351;Rasla;Rasla Caird;Caird;c.rasla;c.rasla;c.rasla@kmr.lan;Caird Rasla;Tech
352;Maxim;Maxim Grigoire;Grigoire;g.maxim;g.maxim;g.maxim@kmr.lan;Grigoire Maxim;Tech
353;Nicky;Nicky Wilson;Wilson;w.nicky;w.nicky;w.nicky@kmr.lan;Wilson Nicky;Tech
354;Virgil;Virgil Bodsworth;Bodsworth;b.virgil;b.virgil;b.virgil@kmr.lan;Bodsworth Virgil;Tech
355;Edmund;Edmund Shuker;Shuker;s.edmund;s.edmund;s.edmund@kmr.lan;Shuker Edmund;Tech
356;Fina;Fina Rontree;Rontree;r.fina;r.fina;r.fina@kmr.lan;Rontree Fina;Tech
357;Celie;Celie Krienke;Krienke;k.celie;k.celie;k.celie@kmr.lan;Krienke Celie;Tech
358;Janine;Janine Wooton;Wooton;w.janine;w.janine;w.janine@kmr.lan;Wooton Janine;Tech
359;Raeann;Raeann Vasenkov;Vasenkov;v.raeann;v.raeann;v.raeann@kmr.lan;Vasenkov Raeann;Tech
360;Malissa;Malissa Challens;Challens;c.malissa;c.malissa;c.malissa@kmr.lan;Challens Malissa;Tech
361;Nadya;Nadya Olohan;Olohan;o.nadya;o.nadya;o.nadya@kmr.lan;Olohan Nadya;Tech
362;Evelyn;Evelyn Drackford;Drackford;d.evelyn;d.evelyn;d.evelyn@kmr.lan;Drackford Evelyn;Tech
363;Shirline;Shirline Bumphrey;Bumphrey;b.shirline;b.shirline;b.shirline@kmr.lan;Bumphrey Shirline;Tech
364;Francesco;Francesco Turvey;Turvey;t.francesco;t.francesco;t.francesco@kmr.lan;Turvey Francesco;Tech
365;Petronille;Petronille Reddick;Reddick;r.petronille;r.petronille;r.petronille@kmr.lan;Reddick Petronille;Tech
366;Tiena;Tiena Orys;Orys;o.tiena;o.tiena;o.tiena@kmr.lan;Orys Tiena;Tech
367;Jaye;Jaye Lishman;Lishman;l.jaye;l.jaye;l.jaye@kmr.lan;Lishman Jaye;Tech
368;Hana;Hana Kitchinham;Kitchinham;k.hana;k.hana;k.hana@kmr.lan;Kitchinham Hana;Tech
369;Tod;Tod O'Hagan;O'Hagan;o.tod;o.tod;o.tod@kmr.lan;O'Hagan Tod;Tech
370;Alfie;Alfie Mummery;Mummery;m.alfie;m.alfie;m.alfie@kmr.lan;Mummery Alfie;Tech
371;Zonda;Zonda Gottschalk;Gottschalk;g.zonda;g.zonda;g.zonda@kmr.lan;Gottschalk Zonda;Tech
372;Doralia;Doralia Hands;Hands;h.doralia;h.doralia;h.doralia@kmr.lan;Hands Doralia;Tech
373;Tomasina;Tomasina Sandwich;Sandwich;s.tomasina;s.tomasina;s.tomasina@kmr.lan;Sandwich Tomasina;Tech
374;Konstantine;Konstantine Handling;Handling;h.konstantine;h.konstantine;h.konstantine@kmr.lan;Handling Konstantine;Tech
375;Amelina;Amelina Edgecombe;Edgecombe;e.amelina;e.amelina;e.amelina@kmr.lan;Edgecombe Amelina;Tech
376;Corrine;Corrine Holstein;Holstein;h.corrine;h.corrine;h.corrine@kmr.lan;Holstein Corrine;Tech
377;Kara-lynn;Kara-lynn Safe;Safe;s.kara-lynn;s.kara-lynn;s.kara-lynn@kmr.lan;Safe Kara-lynn;Tech
378;Sandor;Sandor Faltskog;Faltskog;f.sandor;f.sandor;f.sandor@kmr.lan;Faltskog Sandor;Tech
379;Johnny;Johnny Epp;Epp;e.johnny;e.johnny;e.johnny@kmr.lan;Epp Johnny;Tech
380;Chad;Chad Forsaith;Forsaith;f.chad;f.chad;f.chad@kmr.lan;Forsaith Chad;Tech
381;Shirlee;Shirlee Gard;Gard;g.shirlee;g.shirlee;g.shirlee@kmr.lan;Gard Shirlee;Tech
382;Ardath;Ardath Pietranek;Pietranek;p.ardath;p.ardath;p.ardath@kmr.lan;Pietranek Ardath;Tech
383;Julianna;Julianna Poyzer;Poyzer;p.julianna;p.julianna;p.julianna@kmr.lan;Poyzer Julianna;Tech
384;Konstantine;Konstantine Mault;Mault;m.konstantine;m.konstantine;m.konstantine@kmr.lan;Mault Konstantine;Tech
385;Lynnet;Lynnet Burel;Burel;b.lynnet;b.lynnet;b.lynnet@kmr.lan;Burel Lynnet;Tech
386;Chic;Chic Purse;Purse;p.chic;p.chic;p.chic@kmr.lan;Purse Chic;Tech
387;Kasper;Kasper Tolliday;Tolliday;t.kasper;t.kasper;t.kasper@kmr.lan;Tolliday Kasper;Tech
388;Jeramie;Jeramie McVeigh;McVeigh;m.jeramie;m.jeramie;m.jeramie@kmr.lan;McVeigh Jeramie;Tech
389;Adel;Adel Ackers;Ackers;a.adel;a.adel;a.adel@kmr.lan;Ackers Adel;Tech
390;Salim;Salim Tenaunt;Tenaunt;t.salim;t.salim;t.salim@kmr.lan;Tenaunt Salim;Tech
391;Sansone;Sansone Aloway;Aloway;a.sansone;a.sansone;a.sansone@kmr.lan;Aloway Sansone;Tech
392;Tabby;Tabby Monnery;Monnery;m.tabby;m.tabby;m.tabby@kmr.lan;Monnery Tabby;Tech
393;Alfie;Alfie Inseal;Inseal;i.alfie;i.alfie;i.alfie@kmr.lan;Inseal Alfie;Tech
394;Bjorn;Bjorn Douch;Douch;d.bjorn;d.bjorn;d.bjorn@kmr.lan;Douch Bjorn;Tech
395;Baryram;Baryram Fallowes;Fallowes;f.baryram;f.baryram;f.baryram@kmr.lan;Fallowes Baryram;Tech
396;Aubree;Aubree Speare;Speare;s.aubree;s.aubree;s.aubree@kmr.lan;Speare Aubree;Tech
397;Max;Max Rosbottom;Rosbottom;r.max;r.max;r.max@kmr.lan;Rosbottom Max;Tech
398;Meggy;Meggy Claire;Claire;c.meggy;c.meggy;c.meggy@kmr.lan;Claire Meggy;Tech
399;Nicoli;Nicoli Earland;Earland;e.nicoli;e.nicoli;e.nicoli@kmr.lan;Earland Nicoli;Tech
400;Claribel;Claribel Swayton;Swayton;s.claribel;s.claribel;s.claribel@kmr.lan;Swayton Claribel;Tech
401;Fernando;Fernando Seiffert;Seiffert;s.fernando;s.fernando;s.fernando@kmr.lan;Seiffert Fernando;Tech
402;Christy;Christy Giacobbo;Giacobbo;g.christy;g.christy;g.christy@kmr.lan;Giacobbo Christy;Tech
403;Hyatt;Hyatt Bainbrigge;Bainbrigge;b.hyatt;b.hyatt;b.hyatt@kmr.lan;Bainbrigge Hyatt;Tech
404;Ody;Ody Deacon;Deacon;d.ody;d.ody;d.ody@kmr.lan;Deacon Ody;Tech
405;Claire;Claire Bischop;Bischop;b.claire;b.claire;b.claire@kmr.lan;Bischop Claire;Tech
406;Eward;Eward D'Ambrogi;D'Ambrogi;d.eward;d.eward;d.eward@kmr.lan;D'Ambrogi Eward;Tech
407;Collen;Collen Branston;Branston;b.collen;b.collen;b.collen@kmr.lan;Branston Collen;Tech
408;Werner;Werner Lingley;Lingley;l.werner;l.werner;l.werner@kmr.lan;Lingley Werner;Tech
409;Perice;Perice Greensted;Greensted;g.perice;g.perice;g.perice@kmr.lan;Greensted Perice;Tech
410;Beatrix;Beatrix Pally;Pally;p.beatrix;p.beatrix;p.beatrix@kmr.lan;Pally Beatrix;Tech
411;Florie;Florie Drawmer;Drawmer;d.florie;d.florie;d.florie@kmr.lan;Drawmer Florie;Tech
412;Orly;Orly Giannassi;Giannassi;g.orly;g.orly;g.orly@kmr.lan;Giannassi Orly;Tech
413;Brynne;Brynne Walster;Walster;w.brynne;w.brynne;w.brynne@kmr.lan;Walster Brynne;Tech
414;Ilse;Ilse Blaza;Blaza;b.ilse;b.ilse;b.ilse@kmr.lan;Blaza Ilse;Tech
415;Danie;Danie Dandison;Dandison;d.danie;d.danie;d.danie@kmr.lan;Dandison Danie;Tech
416;Debra;Debra Jagiello;Jagiello;j.debra;j.debra;j.debra@kmr.lan;Jagiello Debra;Tech
417;Dacia;Dacia Wateridge;Wateridge;w.dacia;w.dacia;w.dacia@kmr.lan;Wateridge Dacia;Tech
418;Nigel;Nigel Matoshin;Matoshin;m.nigel;m.nigel;m.nigel@kmr.lan;Matoshin Nigel;Tech
419;Naomi;Naomi Bennie;Bennie;b.naomi;b.naomi;b.naomi@kmr.lan;Bennie Naomi;Tech
420;Mauricio;Mauricio Jentgens;Jentgens;j.mauricio;j.mauricio;j.mauricio@kmr.lan;Jentgens Mauricio;Tech
421;Elbertina;Elbertina Kryzhov;Kryzhov;k.elbertina;k.elbertina;k.elbertina@kmr.lan;Kryzhov Elbertina;Tech
422;Godiva;Godiva Forsdicke;Forsdicke;f.godiva;f.godiva;f.godiva@kmr.lan;Forsdicke Godiva;Tech
423;Amberly;Amberly Bearham;Bearham;b.amberly;b.amberly;b.amberly@kmr.lan;Bearham Amberly;Tech
424;Cecile;Cecile Maslin;Maslin;m.cecile;m.cecile;m.cecile@kmr.lan;Maslin Cecile;Tech
425;Eileen;Eileen Baldassi;Baldassi;b.eileen;b.eileen;b.eileen@kmr.lan;Baldassi Eileen;Tech
426;Hetti;Hetti Ditts;Ditts;d.hetti;d.hetti;d.hetti@kmr.lan;Ditts Hetti;Tech
427;Millicent;Millicent Gerardeaux;Gerardeaux;g.millicent;g.millicent;g.millicent@kmr.lan;Gerardeaux Millicent;Tech
428;Cyndi;Cyndi Shurman;Shurman;s.cyndi;s.cyndi;s.cyndi@kmr.lan;Shurman Cyndi;Tech
429;Leonid;Leonid Elleyne;Elleyne;e.leonid;e.leonid;e.leonid@kmr.lan;Elleyne Leonid;Tech
430;Richart;Richart Pregel;Pregel;p.richart;p.richart;p.richart@kmr.lan;Pregel Richart;Tech
431;Thedric;Thedric Sherred;Sherred;s.thedric;s.thedric;s.thedric@kmr.lan;Sherred Thedric;Tech
432;Jillane;Jillane Killford;Killford;k.jillane;k.jillane;k.jillane@kmr.lan;Killford Jillane;Tech
433;Corny;Corny Alvaro;Alvaro;a.corny;a.corny;a.corny@kmr.lan;Alvaro Corny;Tech
434;Dalenna;Dalenna Solland;Solland;s.dalenna;s.dalenna;s.dalenna@kmr.lan;Solland Dalenna;Tech
435;Jillana;Jillana Pardue;Pardue;p.jillana;p.jillana;p.jillana@kmr.lan;Pardue Jillana;Tech
436;Pavia;Pavia Gauche;Gauche;g.pavia;g.pavia;g.pavia@kmr.lan;Gauche Pavia;Tech
437;Neel;Neel Satyford;Satyford;s.neel;s.neel;s.neel@kmr.lan;Satyford Neel;Tech
438;Lenka;Lenka Yosselevitch;Yosselevitch;y.lenka;y.lenka;y.lenka@kmr.lan;Yosselevitch Lenka;Tech
439;Bondy;Bondy Perigeaux;Perigeaux;p.bondy;p.bondy;p.bondy@kmr.lan;Perigeaux Bondy;Tech
440;Hewitt;Hewitt Dugmore;Dugmore;d.hewitt;d.hewitt;d.hewitt@kmr.lan;Dugmore Hewitt;Tech
441;Mame;Mame Klugman;Klugman;k.mame;k.mame;k.mame@kmr.lan;Klugman Mame;Tech
442;Noby;Noby Debrett;Debrett;d.noby;d.noby;d.noby@kmr.lan;Debrett Noby;Tech
443;Bunny;Bunny Newe;Newe;n.bunny;n.bunny;n.bunny@kmr.lan;Newe Bunny;Tech
444;Rene;Rene Fennelow;Fennelow;f.rene;f.rene;f.rene@kmr.lan;Fennelow Rene;Tech
445;Roseline;Roseline Lammers;Lammers;l.roseline;l.roseline;l.roseline@kmr.lan;Lammers Roseline;Tech
446;Chrystel;Chrystel Fair;Fair;f.chrystel;f.chrystel;f.chrystel@kmr.lan;Fair Chrystel;Tech
447;Jenelle;Jenelle Desvignes;Desvignes;d.jenelle;d.jenelle;d.jenelle@kmr.lan;Desvignes Jenelle;Tech
448;Kinnie;Kinnie Mathwen;Mathwen;m.kinnie;m.kinnie;m.kinnie@kmr.lan;Mathwen Kinnie;Tech
449;Karlotte;Karlotte Van Son;Van Son;v.karlotte;v.karlotte;v.karlotte@kmr.lan;Van Son Karlotte;Tech
450;Lishe;Lishe Manning;Manning;m.lishe;m.lishe;m.lishe@kmr.lan;Manning Lishe;Tech
451;Mack;Mack Loader;Loader;l.mack;l.mack;l.mack@kmr.lan;Loader Mack;Tech
452;Abagail;Abagail Desmond;Desmond;d.abagail;d.abagail;d.abagail@kmr.lan;Desmond Abagail;Tech
453;Brinna;Brinna Malcher;Malcher;m.brinna;m.brinna;m.brinna@kmr.lan;Malcher Brinna;Tech
454;Reginald;Reginald Bernath;Bernath;b.reginald;b.reginald;b.reginald@kmr.lan;Bernath Reginald;Tech
455;Alfons;Alfons Dawdry;Dawdry;d.alfons;d.alfons;d.alfons@kmr.lan;Dawdry Alfons;Tech
456;Meryl;Meryl Lotte;Lotte;l.meryl;l.meryl;l.meryl@kmr.lan;Lotte Meryl;Tech
457;Kelli;Kelli Slayny;Slayny;s.kelli;s.kelli;s.kelli@kmr.lan;Slayny Kelli;Tech
458;Timoteo;Timoteo Bryson;Bryson;b.timoteo;b.timoteo;b.timoteo@kmr.lan;Bryson Timoteo;Tech
459;Clemente;Clemente Sibley;Sibley;s.clemente;s.clemente;s.clemente@kmr.lan;Sibley Clemente;Tech
460;Colleen;Colleen Fligg;Fligg;f.colleen;f.colleen;f.colleen@kmr.lan;Fligg Colleen;Tech
461;Rickie;Rickie Kender;Kender;k.rickie;k.rickie;k.rickie@kmr.lan;Kender Rickie;Tech
462;Priscilla;Priscilla Van Leeuwen;Van Leeuwen;v.priscilla;v.priscilla;v.priscilla@kmr.lan;Van Leeuwen Priscilla;Tech
463;Hymie;Hymie Ridge;Ridge;r.hymie;r.hymie;r.hymie@kmr.lan;Ridge Hymie;Tech
464;Kalvin;Kalvin Cuddehy;Cuddehy;c.kalvin;c.kalvin;c.kalvin@kmr.lan;Cuddehy Kalvin;Tech
465;Finlay;Finlay Harcombe;Harcombe;h.finlay;h.finlay;h.finlay@kmr.lan;Harcombe Finlay;Tech
466;Kerry;Kerry McReidy;McReidy;m.kerry;m.kerry;m.kerry@kmr.lan;McReidy Kerry;Tech
467;Rutherford;Rutherford Spacy;Spacy;s.rutherford;s.rutherford;s.rutherford@kmr.lan;Spacy Rutherford;Tech
468;Brandie;Brandie Kirvell;Kirvell;k.brandie;k.brandie;k.brandie@kmr.lan;Kirvell Brandie;Tech
469;Vitia;Vitia Beedon;Beedon;b.vitia;b.vitia;b.vitia@kmr.lan;Beedon Vitia;Tech
470;Chip;Chip Thresher;Thresher;t.chip;t.chip;t.chip@kmr.lan;Thresher Chip;Tech
471;Dionis;Dionis Nunn;Nunn;n.dionis;n.dionis;n.dionis@kmr.lan;Nunn Dionis;Tech
472;Umeko;Umeko Geraudel;Geraudel;g.umeko;g.umeko;g.umeko@kmr.lan;Geraudel Umeko;Tech
473;Carrie;Carrie Woltman;Woltman;w.carrie;w.carrie;w.carrie@kmr.lan;Woltman Carrie;Tech
474;Kyla;Kyla Achurch;Achurch;a.kyla;a.kyla;a.kyla@kmr.lan;Achurch Kyla;Tech
475;Hesther;Hesther Mapstone;Mapstone;m.hesther;m.hesther;m.hesther@kmr.lan;Mapstone Hesther;Tech
476;Theodora;Theodora Easbie;Easbie;e.theodora;e.theodora;e.theodora@kmr.lan;Easbie Theodora;Tech
477;Magda;Magda Woosnam;Woosnam;w.magda;w.magda;w.magda@kmr.lan;Woosnam Magda;Tech
478;Dniren;Dniren Danilchenko;Danilchenko;d.dniren;d.dniren;d.dniren@kmr.lan;Danilchenko Dniren;Tech
479;Lucie;Lucie Sacker;Sacker;s.lucie;s.lucie;s.lucie@kmr.lan;Sacker Lucie;Tech
480;Etan;Etan Bleacher;Bleacher;b.etan;b.etan;b.etan@kmr.lan;Bleacher Etan;Tech
481;Rosella;Rosella Conyard;Conyard;c.rosella;c.rosella;c.rosella@kmr.lan;Conyard Rosella;Tech
482;Mandi;Mandi Edworthy;Edworthy;e.mandi;e.mandi;e.mandi@kmr.lan;Edworthy Mandi;Tech
483;Corby;Corby Lebbern;Lebbern;l.corby;l.corby;l.corby@kmr.lan;Lebbern Corby;Tech
484;Patricio;Patricio Sharphurst;Sharphurst;s.patricio;s.patricio;s.patricio@kmr.lan;Sharphurst Patricio;Tech
485;Devan;Devan Fulloway;Fulloway;f.devan;f.devan;f.devan@kmr.lan;Fulloway Devan;Tech
486;Agosto;Agosto Heminsley;Heminsley;h.agosto;h.agosto;h.agosto@kmr.lan;Heminsley Agosto;Tech
487;Ive;Ive Readmire;Readmire;r.ive;r.ive;r.ive@kmr.lan;Readmire Ive;Tech
488;Nydia;Nydia Oganian;Oganian;o.nydia;o.nydia;o.nydia@kmr.lan;Oganian Nydia;Tech
489;Romeo;Romeo Fall;Fall;f.romeo;f.romeo;f.romeo@kmr.lan;Fall Romeo;Tech
490;Carley;Carley Curson;Curson;c.carley;c.carley;c.carley@kmr.lan;Curson Carley;Tech
491;Rona;Rona Orrick;Orrick;o.rona;o.rona;o.rona@kmr.lan;Orrick Rona;Tech
492;Roxi;Roxi Kornel;Kornel;k.roxi;k.roxi;k.roxi@kmr.lan;Kornel Roxi;Tech
493;Korella;Korella Crowden;Crowden;c.korella;c.korella;c.korella@kmr.lan;Crowden Korella;Tech
494;Derby;Derby Batho;Batho;b.derby;b.derby;b.derby@kmr.lan;Batho Derby;Tech
495;Rosita;Rosita Vergine;Vergine;v.rosita;v.rosita;v.rosita@kmr.lan;Vergine Rosita;Tech
496;Janessa;Janessa Leachman;Leachman;l.janessa;l.janessa;l.janessa@kmr.lan;Leachman Janessa;Tech
497;Royce;Royce De Morena;De Morena;d.royce;d.royce;d.royce@kmr.lan;De Morena Royce;Tech
498;Austina;Austina Popland;Popland;p.austina;p.austina;p.austina@kmr.lan;Popland Austina;Tech
499;Jolene;Jolene Oldershaw;Oldershaw;o.jolene;o.jolene;o.jolene@kmr.lan;Oldershaw Jolene;Tech
500;Dar;Dar Greatrakes;Greatrakes;g.dar;g.dar;g.dar@kmr.lan;Greatrakes Dar;Tech
501;Cynthea;Cynthea Wysome;Wysome;w.cynthea;w.cynthea;w.cynthea@kmr.lan;Wysome Cynthea;Tech
502;Sashenka;Sashenka Dungate;Dungate;d.sashenka;d.sashenka;d.sashenka@kmr.lan;Dungate Sashenka;Tech
503;Vilhelmina;Vilhelmina Verni;Verni;v.vilhelmina;v.vilhelmina;v.vilhelmina@kmr.lan;Verni Vilhelmina;Tech
504;Ancell;Ancell Jancy;Jancy;j.ancell;j.ancell;j.ancell@kmr.lan;Jancy Ancell;Tech
505;Petronilla;Petronilla Brunotti;Brunotti;b.petronilla;b.petronilla;b.petronilla@kmr.lan;Brunotti Petronilla;Tech
506;Tremaine;Tremaine Tranter;Tranter;t.tremaine;t.tremaine;t.tremaine@kmr.lan;Tranter Tremaine;Tech
507;Myrtice;Myrtice Skingley;Skingley;s.myrtice;s.myrtice;s.myrtice@kmr.lan;Skingley Myrtice;Tech
508;Aleen;Aleen Marson;Marson;m.aleen;m.aleen;m.aleen@kmr.lan;Marson Aleen;Tech
509;Kirsten;Kirsten Spehr;Spehr;s.kirsten;s.kirsten;s.kirsten@kmr.lan;Spehr Kirsten;Tech
510;Guenevere;Guenevere Burkitt;Burkitt;b.guenevere;b.guenevere;b.guenevere@kmr.lan;Burkitt Guenevere;Tech
511;Salomi;Salomi Battison;Battison;b.salomi;b.salomi;b.salomi@kmr.lan;Battison Salomi;Tech
512;Lenci;Lenci Formigli;Formigli;f.lenci;f.lenci;f.lenci@kmr.lan;Formigli Lenci;Tech
513;Dacey;Dacey Bumpas;Bumpas;b.dacey;b.dacey;b.dacey@kmr.lan;Bumpas Dacey;Tech
514;Jacquetta;Jacquetta Jinkins;Jinkins;j.jacquetta;j.jacquetta;j.jacquetta@kmr.lan;Jinkins Jacquetta;Tech
515;Konstanze;Konstanze Yurchishin;Yurchishin;y.konstanze;y.konstanze;y.konstanze@kmr.lan;Yurchishin Konstanze;Tech
516;Portie;Portie Ranfield;Ranfield;r.portie;r.portie;r.portie@kmr.lan;Ranfield Portie;Tech
517;Harry;Harry Stiegers;Stiegers;s.harry;s.harry;s.harry@kmr.lan;Stiegers Harry;Tech
518;Cris;Cris Filipov;Filipov;f.cris;f.cris;f.cris@kmr.lan;Filipov Cris;Tech
519;Adolphe;Adolphe McColm;McColm;m.adolphe;m.adolphe;m.adolphe@kmr.lan;McColm Adolphe;Tech
520;Jordon;Jordon Yerrell;Yerrell;y.jordon;y.jordon;y.jordon@kmr.lan;Yerrell Jordon;Tech
521;Fredric;Fredric Grimbleby;Grimbleby;g.fredric;g.fredric;g.fredric@kmr.lan;Grimbleby Fredric;Tech
522;Reginauld;Reginauld Slewcock;Slewcock;s.reginauld;s.reginauld;s.reginauld@kmr.lan;Slewcock Reginauld;Tech
523;Isidora;Isidora Garrattley;Garrattley;g.isidora;g.isidora;g.isidora@kmr.lan;Garrattley Isidora;Tech
524;Micah;Micah Balnave;Balnave;b.micah;b.micah;b.micah@kmr.lan;Balnave Micah;Tech
525;Osbourn;Osbourn d'Escoffier;d'Escoffier;d.osbourn;d.osbourn;d.osbourn@kmr.lan;d'Escoffier Osbourn;Tech
526;Sybila;Sybila Kerswill;Kerswill;k.sybila;k.sybila;k.sybila@kmr.lan;Kerswill Sybila;Tech
527;Enrique;Enrique McMurrugh;McMurrugh;m.enrique;m.enrique;m.enrique@kmr.lan;McMurrugh Enrique;Tech
528;Martelle;Martelle Buick;Buick;b.martelle;b.martelle;b.martelle@kmr.lan;Buick Martelle;Tech
529;Cicily;Cicily Gianelli;Gianelli;g.cicily;g.cicily;g.cicily@kmr.lan;Gianelli Cicily;Tech
530;Alleyn;Alleyn Sterman;Sterman;s.alleyn;s.alleyn;s.alleyn@kmr.lan;Sterman Alleyn;Tech
531;Giorgio;Giorgio Galler;Galler;g.giorgio;g.giorgio;g.giorgio@kmr.lan;Galler Giorgio;Tech
532;Maureene;Maureene Leile;Leile;l.maureene;l.maureene;l.maureene@kmr.lan;Leile Maureene;Tech
533;Tonnie;Tonnie Melliard;Melliard;m.tonnie;m.tonnie;m.tonnie@kmr.lan;Melliard Tonnie;Tech
534;Christie;Christie Barnhart;Barnhart;b.christie;b.christie;b.christie@kmr.lan;Barnhart Christie;Tech
535;Danila;Danila Tailby;Tailby;t.danila;t.danila;t.danila@kmr.lan;Tailby Danila;Tech
536;Sydney;Sydney Churches;Churches;c.sydney;c.sydney;c.sydney@kmr.lan;Churches Sydney;Tech
537;Coleman;Coleman Samways;Samways;s.coleman;s.coleman;s.coleman@kmr.lan;Samways Coleman;Tech
538;Lucas;Lucas Francecione;Francecione;f.lucas;f.lucas;f.lucas@kmr.lan;Francecione Lucas;Tech
539;Rachael;Rachael Kerss;Kerss;k.rachael;k.rachael;k.rachael@kmr.lan;Kerss Rachael;Tech
540;Yves;Yves Eayrs;Eayrs;e.yves;e.yves;e.yves@kmr.lan;Eayrs Yves;Tech
541;Ganny;Ganny Del Castello;Del Castello;d.ganny;d.ganny;d.ganny@kmr.lan;Del Castello Ganny;Tech
542;Claudetta;Claudetta Du Plantier;Du Plantier;d.claudetta;d.claudetta;d.claudetta@kmr.lan;Du Plantier Claudetta;Tech
543;Ody;Ody Steabler;Steabler;s.ody;s.ody;s.ody@kmr.lan;Steabler Ody;Tech
544;Teddi;Teddi Goodsal;Goodsal;g.teddi;g.teddi;g.teddi@kmr.lan;Goodsal Teddi;Tech
545;Noble;Noble Casserly;Casserly;c.noble;c.noble;c.noble@kmr.lan;Casserly Noble;Tech
546;Trip;Trip Lankham;Lankham;l.trip;l.trip;l.trip@kmr.lan;Lankham Trip;Tech
547;Danette;Danette Dukelow;Dukelow;d.danette;d.danette;d.danette@kmr.lan;Dukelow Danette;Tech
548;Nike;Nike McGrann;McGrann;m.nike;m.nike;m.nike@kmr.lan;McGrann Nike;Tech
549;Naoma;Naoma Di Pietro;Di Pietro;d.naoma;d.naoma;d.naoma@kmr.lan;Di Pietro Naoma;Tech
550;Josie;Josie Lovat;Lovat;l.josie;l.josie;l.josie@kmr.lan;Lovat Josie;Tech
551;Chalmers;Chalmers Yedall;Yedall;y.chalmers;y.chalmers;y.chalmers@kmr.lan;Yedall Chalmers;Tech
552;Kaylee;Kaylee Cardew;Cardew;c.kaylee;c.kaylee;c.kaylee@kmr.lan;Cardew Kaylee;Tech
553;Ricki;Ricki Kmicicki;Kmicicki;k.ricki;k.ricki;k.ricki@kmr.lan;Kmicicki Ricki;Tech
554;Elisabetta;Elisabetta Wardley;Wardley;w.elisabetta;w.elisabetta;w.elisabetta@kmr.lan;Wardley Elisabetta;Tech
555;Olympia;Olympia Hutten;Hutten;h.olympia;h.olympia;h.olympia@kmr.lan;Hutten Olympia;Tech
556;Iain;Iain Knighton;Knighton;k.iain;k.iain;k.iain@kmr.lan;Knighton Iain;Tech
557;Talya;Talya Kibard;Kibard;k.talya;k.talya;k.talya@kmr.lan;Kibard Talya;Tech
558;Eleonore;Eleonore Deerr;Deerr;d.eleonore;d.eleonore;d.eleonore@kmr.lan;Deerr Eleonore;Tech
559;Terra;Terra Bodell;Bodell;b.terra;b.terra;b.terra@kmr.lan;Bodell Terra;Tech
560;Ashton;Ashton Slimme;Slimme;s.ashton;s.ashton;s.ashton@kmr.lan;Slimme Ashton;Tech
561;Petronille;Petronille Downes;Downes;d.petronille;d.petronille;d.petronille@kmr.lan;Downes Petronille;Tech
562;Norean;Norean Tousey;Tousey;t.norean;t.norean;t.norean@kmr.lan;Tousey Norean;Tech
563;Eddy;Eddy Picardo;Picardo;p.eddy;p.eddy;p.eddy@kmr.lan;Picardo Eddy;Tech
564;Aleksandr;Aleksandr Pallaske;Pallaske;p.aleksandr;p.aleksandr;p.aleksandr@kmr.lan;Pallaske Aleksandr;Tech
565;Rahal;Rahal Coopper;Coopper;c.rahal;c.rahal;c.rahal@kmr.lan;Coopper Rahal;Tech
566;Ashby;Ashby Sherwill;Sherwill;s.ashby;s.ashby;s.ashby@kmr.lan;Sherwill Ashby;Tech
567;Herschel;Herschel Stroobant;Stroobant;s.herschel;s.herschel;s.herschel@kmr.lan;Stroobant Herschel;Tech
568;Lockwood;Lockwood Petrushka;Petrushka;p.lockwood;p.lockwood;p.lockwood@kmr.lan;Petrushka Lockwood;Tech
569;Liv;Liv Archbold;Archbold;a.liv;a.liv;a.liv@kmr.lan;Archbold Liv;Tech
570;Abigael;Abigael Gheerhaert;Gheerhaert;g.abigael;g.abigael;g.abigael@kmr.lan;Gheerhaert Abigael;Tech
571;Mada;Mada Lackie;Lackie;l.mada;l.mada;l.mada@kmr.lan;Lackie Mada;Tech
572;Meghan;Meghan Warbrick;Warbrick;w.meghan;w.meghan;w.meghan@kmr.lan;Warbrick Meghan;Tech
573;Morten;Morten Prowse;Prowse;p.morten;p.morten;p.morten@kmr.lan;Prowse Morten;Tech
574;Damara;Damara Jahndel;Jahndel;j.damara;j.damara;j.damara@kmr.lan;Jahndel Damara;Tech
575;Alick;Alick Drabble;Drabble;d.alick;d.alick;d.alick@kmr.lan;Drabble Alick;Tech
576;Ruby;Ruby Mulvey;Mulvey;m.ruby;m.ruby;m.ruby@kmr.lan;Mulvey Ruby;Tech
577;Abdul;Abdul Wheelhouse;Wheelhouse;w.abdul;w.abdul;w.abdul@kmr.lan;Wheelhouse Abdul;Tech
578;Matilde;Matilde Attow;Attow;a.matilde;a.matilde;a.matilde@kmr.lan;Attow Matilde;Tech
579;Gabe;Gabe Hanster;Hanster;h.gabe;h.gabe;h.gabe@kmr.lan;Hanster Gabe;Tech
580;Bertie;Bertie Rainbird;Rainbird;r.bertie;r.bertie;r.bertie@kmr.lan;Rainbird Bertie;Tech
581;Rivi;Rivi McSorley;McSorley;m.rivi;m.rivi;m.rivi@kmr.lan;McSorley Rivi;Tech
582;Thomasa;Thomasa Schaffel;Schaffel;s.thomasa;s.thomasa;s.thomasa@kmr.lan;Schaffel Thomasa;Tech
583;Christie;Christie Priddis;Priddis;p.christie;p.christie;p.christie@kmr.lan;Priddis Christie;Tech
584;Cristina;Cristina Saiger;Saiger;s.cristina;s.cristina;s.cristina@kmr.lan;Saiger Cristina;Tech
585;Monti;Monti Brito;Brito;b.monti;b.monti;b.monti@kmr.lan;Brito Monti;Tech
586;Carolina;Carolina Matijasevic;Matijasevic;m.carolina;m.carolina;m.carolina@kmr.lan;Matijasevic Carolina;Tech
587;Thomasin;Thomasin Cranstoun;Cranstoun;c.thomasin;c.thomasin;c.thomasin@kmr.lan;Cranstoun Thomasin;Tech
588;Nat;Nat Tute;Tute;t.nat;t.nat;t.nat@kmr.lan;Tute Nat;Tech
589;Drucy;Drucy Selway;Selway;s.drucy;s.drucy;s.drucy@kmr.lan;Selway Drucy;Tech
590;Octavius;Octavius Trumpeter;Trumpeter;t.octavius;t.octavius;t.octavius@kmr.lan;Trumpeter Octavius;Tech
591;Tildi;Tildi Teare;Teare;t.tildi;t.tildi;t.tildi@kmr.lan;Teare Tildi;Tech
592;Lane;Lane Erington;Erington;e.lane;e.lane;e.lane@kmr.lan;Erington Lane;Tech
593;Sheila;Sheila Schirok;Schirok;s.sheila;s.sheila;s.sheila@kmr.lan;Schirok Sheila;Tech
594;Xylina;Xylina Boothebie;Boothebie;b.xylina;b.xylina;b.xylina@kmr.lan;Boothebie Xylina;Tech
595;Reta;Reta Brealey;Brealey;b.reta;b.reta;b.reta@kmr.lan;Brealey Reta;Tech
596;Alisha;Alisha Brevetor;Brevetor;b.alisha;b.alisha;b.alisha@kmr.lan;Brevetor Alisha;Tech
597;Art;Art Foli;Foli;f.art;f.art;f.art@kmr.lan;Foli Art;Tech
598;Giustina;Giustina Lathey;Lathey;l.giustina;l.giustina;l.giustina@kmr.lan;Lathey Giustina;Tech
599;Dorita;Dorita MacClinton;MacClinton;m.dorita;m.dorita;m.dorita@kmr.lan;MacClinton Dorita;Tech
600;Madelle;Madelle Durrans;Durrans;d.madelle;d.madelle;d.madelle@kmr.lan;Durrans Madelle;Tech
601;Tremain;Tremain Chatwood;Chatwood;c.tremain;c.tremain;c.tremain@kmr.lan;Chatwood Tremain;Tech
602;Brose;Brose Sudy;Sudy;s.brose;s.brose;s.brose@kmr.lan;Sudy Brose;Tech
603;Kellen;Kellen Gumbrell;Gumbrell;g.kellen;g.kellen;g.kellen@kmr.lan;Gumbrell Kellen;Tech
604;Hort;Hort Havard;Havard;h.hort;h.hort;h.hort@kmr.lan;Havard Hort;Tech
605;Sidney;Sidney O'Nolan;O'Nolan;o.sidney;o.sidney;o.sidney@kmr.lan;O'Nolan Sidney;Tech
606;Rhianon;Rhianon New;New;n.rhianon;n.rhianon;n.rhianon@kmr.lan;New Rhianon;Tech
607;Lynnette;Lynnette Broadwell;Broadwell;b.lynnette;b.lynnette;b.lynnette@kmr.lan;Broadwell Lynnette;Tech
608;Dallon;Dallon Geere;Geere;g.dallon;g.dallon;g.dallon@kmr.lan;Geere Dallon;Tech
609;Haskel;Haskel Sargerson;Sargerson;s.haskel;s.haskel;s.haskel@kmr.lan;Sargerson Haskel;Tech
610;Filbert;Filbert Joscelin;Joscelin;j.filbert;j.filbert;j.filbert@kmr.lan;Joscelin Filbert;Tech
611;Eamon;Eamon Kubin;Kubin;k.eamon;k.eamon;k.eamon@kmr.lan;Kubin Eamon;Tech
612;Osbourn;Osbourn Trusler;Trusler;t.osbourn;t.osbourn;t.osbourn@kmr.lan;Trusler Osbourn;Tech
613;Edgar;Edgar Stokes;Stokes;s.edgar;s.edgar;s.edgar@kmr.lan;Stokes Edgar;Tech
614;Rivkah;Rivkah Kubin;Kubin;k.rivkah;k.rivkah;k.rivkah@kmr.lan;Kubin Rivkah;Tech
615;Mirilla;Mirilla Spencley;Spencley;s.mirilla;s.mirilla;s.mirilla@kmr.lan;Spencley Mirilla;Tech
616;Jarad;Jarad Catenot;Catenot;c.jarad;c.jarad;c.jarad@kmr.lan;Catenot Jarad;Tech
617;Tabbi;Tabbi Graver;Graver;g.tabbi;g.tabbi;g.tabbi@kmr.lan;Graver Tabbi;Tech
618;Osborn;Osborn Capon;Capon;c.osborn;c.osborn;c.osborn@kmr.lan;Capon Osborn;Tech
619;Sallyann;Sallyann Kilrow;Kilrow;k.sallyann;k.sallyann;k.sallyann@kmr.lan;Kilrow Sallyann;Tech
620;Boris;Boris Gantzer;Gantzer;g.boris;g.boris;g.boris@kmr.lan;Gantzer Boris;Tech
621;Roxana;Roxana Stutard;Stutard;s.roxana;s.roxana;s.roxana@kmr.lan;Stutard Roxana;Tech
622;Bessie;Bessie Witcherley;Witcherley;w.bessie;w.bessie;w.bessie@kmr.lan;Witcherley Bessie;Tech
623;Camella;Camella Scotchbourouge;Scotchbourouge;s.camella;s.camella;s.camella@kmr.lan;Scotchbourouge Camella;Tech
624;Florentia;Florentia Pavier;Pavier;p.florentia;p.florentia;p.florentia@kmr.lan;Pavier Florentia;Tech
625;Lucho;Lucho Le Quesne;Le Quesne;l.lucho;l.lucho;l.lucho@kmr.lan;Le Quesne Lucho;Tech
626;Calley;Calley Babe;Babe;b.calley;b.calley;b.calley@kmr.lan;Babe Calley;Tech
627;Jacenta;Jacenta Topley;Topley;t.jacenta;t.jacenta;t.jacenta@kmr.lan;Topley Jacenta;Tech
628;Leone;Leone MacPeake;MacPeake;m.leone;m.leone;m.leone@kmr.lan;MacPeake Leone;Tech
629;Rhett;Rhett Twycross;Twycross;t.rhett;t.rhett;t.rhett@kmr.lan;Twycross Rhett;Tech
630;Perice;Perice Bellerby;Bellerby;b.perice;b.perice;b.perice@kmr.lan;Bellerby Perice;Tech
631;Kellsie;Kellsie Ivakhin;Ivakhin;i.kellsie;i.kellsie;i.kellsie@kmr.lan;Ivakhin Kellsie;Tech
632;Tasia;Tasia Lowcock;Lowcock;l.tasia;l.tasia;l.tasia@kmr.lan;Lowcock Tasia;Tech
633;Ryan;Ryan Frake;Frake;f.ryan;f.ryan;f.ryan@kmr.lan;Frake Ryan;Tech
634;Aurea;Aurea Greetland;Greetland;g.aurea;g.aurea;g.aurea@kmr.lan;Greetland Aurea;Tech
635;Tandi;Tandi Twiddell;Twiddell;t.tandi;t.tandi;t.tandi@kmr.lan;Twiddell Tandi;Tech
636;Deena;Deena Brumfield;Brumfield;b.deena;b.deena;b.deena@kmr.lan;Brumfield Deena;Tech
637;Anatol;Anatol Headings;Headings;h.anatol;h.anatol;h.anatol@kmr.lan;Headings Anatol;Tech
638;Norene;Norene Shaylor;Shaylor;s.norene;s.norene;s.norene@kmr.lan;Shaylor Norene;Tech
639;Lainey;Lainey Pury;Pury;p.lainey;p.lainey;p.lainey@kmr.lan;Pury Lainey;Tech
640;Fredek;Fredek Hanrott;Hanrott;h.fredek;h.fredek;h.fredek@kmr.lan;Hanrott Fredek;Tech
641;Sergio;Sergio Bembridge;Bembridge;b.sergio;b.sergio;b.sergio@kmr.lan;Bembridge Sergio;Tech
642;Dorita;Dorita Siddele;Siddele;s.dorita;s.dorita;s.dorita@kmr.lan;Siddele Dorita;Tech
643;Lonnard;Lonnard Yacobsohn;Yacobsohn;y.lonnard;y.lonnard;y.lonnard@kmr.lan;Yacobsohn Lonnard;Tech
644;Haley;Haley Chettoe;Chettoe;c.haley;c.haley;c.haley@kmr.lan;Chettoe Haley;Tech
645;Kirbee;Kirbee Drysdall;Drysdall;d.kirbee;d.kirbee;d.kirbee@kmr.lan;Drysdall Kirbee;Tech
646;Katheryn;Katheryn Goligher;Goligher;g.katheryn;g.katheryn;g.katheryn@kmr.lan;Goligher Katheryn;Tech
647;Martie;Martie Snaden;Snaden;s.martie;s.martie;s.martie@kmr.lan;Snaden Martie;Tech
648;Tanhya;Tanhya Caton;Caton;c.tanhya;c.tanhya;c.tanhya@kmr.lan;Caton Tanhya;Tech
649;Gare;Gare Neaverson;Neaverson;n.gare;n.gare;n.gare@kmr.lan;Neaverson Gare;Tech
650;Artur;Artur Paolotto;Paolotto;p.artur;p.artur;p.artur@kmr.lan;Paolotto Artur;Tech
651;Audrey;Audrey Baroc;Baroc;b.audrey;b.audrey;b.audrey@kmr.lan;Baroc Audrey;Tech
652;Germayne;Germayne Buncom;Buncom;b.germayne;b.germayne;b.germayne@kmr.lan;Buncom Germayne;Tech
653;Kira;Kira McElrea;McElrea;m.kira;m.kira;m.kira@kmr.lan;McElrea Kira;Tech
654;Kayle;Kayle Drezzer;Drezzer;d.kayle;d.kayle;d.kayle@kmr.lan;Drezzer Kayle;Tech
655;Persis;Persis Lagadu;Lagadu;l.persis;l.persis;l.persis@kmr.lan;Lagadu Persis;Tech
656;Darice;Darice Healings;Healings;h.darice;h.darice;h.darice@kmr.lan;Healings Darice;Tech
657;Robena;Robena Foottit;Foottit;f.robena;f.robena;f.robena@kmr.lan;Foottit Robena;Tech
658;Aurelia;Aurelia Kerss;Kerss;k.aurelia;k.aurelia;k.aurelia@kmr.lan;Kerss Aurelia;Tech
659;Geraldine;Geraldine Lillecrop;Lillecrop;l.geraldine;l.geraldine;l.geraldine@kmr.lan;Lillecrop Geraldine;Tech
660;Benito;Benito Fulks;Fulks;f.benito;f.benito;f.benito@kmr.lan;Fulks Benito;Tech
661;Juan;Juan Fey;Fey;f.juan;f.juan;f.juan@kmr.lan;Fey Juan;Tech
662;Marcelle;Marcelle Center;Center;c.marcelle;c.marcelle;c.marcelle@kmr.lan;Center Marcelle;Tech
663;Fifine;Fifine Tellenbroker;Tellenbroker;t.fifine;t.fifine;t.fifine@kmr.lan;Tellenbroker Fifine;Tech
664;Tonia;Tonia Ibbotson;Ibbotson;i.tonia;i.tonia;i.tonia@kmr.lan;Ibbotson Tonia;Tech
665;Bamby;Bamby Blew;Blew;b.bamby;b.bamby;b.bamby@kmr.lan;Blew Bamby;Tech
666;Willey;Willey Cawley;Cawley;c.willey;c.willey;c.willey@kmr.lan;Cawley Willey;Tech
667;Franny;Franny Cotgrave;Cotgrave;c.franny;c.franny;c.franny@kmr.lan;Cotgrave Franny;Tech
668;Kelsey;Kelsey Gamil;Gamil;g.kelsey;g.kelsey;g.kelsey@kmr.lan;Gamil Kelsey;Tech
669;Chloette;Chloette Hobell;Hobell;h.chloette;h.chloette;h.chloette@kmr.lan;Hobell Chloette;Tech
670;Wandie;Wandie Milch;Milch;m.wandie;m.wandie;m.wandie@kmr.lan;Milch Wandie;Tech
671;Kellyann;Kellyann Molyneaux;Molyneaux;m.kellyann;m.kellyann;m.kellyann@kmr.lan;Molyneaux Kellyann;Tech
672;Alyse;Alyse Dewicke;Dewicke;d.alyse;d.alyse;d.alyse@kmr.lan;Dewicke Alyse;Tech
673;Claudianus;Claudianus McCart;McCart;m.claudianus;m.claudianus;m.claudianus@kmr.lan;McCart Claudianus;Tech
674;Zora;Zora Varfolomeev;Varfolomeev;v.zora;v.zora;v.zora@kmr.lan;Varfolomeev Zora;Tech
675;Seward;Seward Sauniere;Sauniere;s.seward;s.seward;s.seward@kmr.lan;Sauniere Seward;Tech
676;Nana;Nana Wharf;Wharf;w.nana;w.nana;w.nana@kmr.lan;Wharf Nana;Tech
677;Jaymee;Jaymee Spare;Spare;s.jaymee;s.jaymee;s.jaymee@kmr.lan;Spare Jaymee;Tech
678;Bordie;Bordie Craigmyle;Craigmyle;c.bordie;c.bordie;c.bordie@kmr.lan;Craigmyle Bordie;Tech
679;Hillary;Hillary Kippie;Kippie;k.hillary;k.hillary;k.hillary@kmr.lan;Kippie Hillary;Tech
680;Wallas;Wallas Gerretsen;Gerretsen;g.wallas;g.wallas;g.wallas@kmr.lan;Gerretsen Wallas;Tech
681;Gerhard;Gerhard Penni;Penni;p.gerhard;p.gerhard;p.gerhard@kmr.lan;Penni Gerhard;Tech
682;Chicky;Chicky Chatelain;Chatelain;c.chicky;c.chicky;c.chicky@kmr.lan;Chatelain Chicky;Tech
683;Colline;Colline Oakly;Oakly;o.colline;o.colline;o.colline@kmr.lan;Oakly Colline;Tech
684;Tony;Tony Skewes;Skewes;s.tony;s.tony;s.tony@kmr.lan;Skewes Tony;Tech
685;Erik;Erik Cantrill;Cantrill;c.erik;c.erik;c.erik@kmr.lan;Cantrill Erik;Tech
686;Merlina;Merlina McLennan;McLennan;m.merlina;m.merlina;m.merlina@kmr.lan;McLennan Merlina;Tech
687;Dianna;Dianna Dring;Dring;d.dianna;d.dianna;d.dianna@kmr.lan;Dring Dianna;Tech
688;Geordie;Geordie Velte;Velte;v.geordie;v.geordie;v.geordie@kmr.lan;Velte Geordie;Tech
689;Marlin;Marlin Coole;Coole;c.marlin;c.marlin;c.marlin@kmr.lan;Coole Marlin;Tech
690;Rafael;Rafael Scupham;Scupham;s.rafael;s.rafael;s.rafael@kmr.lan;Scupham Rafael;Tech
691;Mella;Mella Dybell;Dybell;d.mella;d.mella;d.mella@kmr.lan;Dybell Mella;Tech
692;Buddy;Buddy Tisun;Tisun;t.buddy;t.buddy;t.buddy@kmr.lan;Tisun Buddy;Tech
693;Alix;Alix Korbmaker;Korbmaker;k.alix;k.alix;k.alix@kmr.lan;Korbmaker Alix;Tech
694;Phyllys;Phyllys Rubinsztein;Rubinsztein;r.phyllys;r.phyllys;r.phyllys@kmr.lan;Rubinsztein Phyllys;Tech
695;Leela;Leela Veall;Veall;v.leela;v.leela;v.leela@kmr.lan;Veall Leela;Tech
696;Nadiya;Nadiya O'Corr;O'Corr;o.nadiya;o.nadiya;o.nadiya@kmr.lan;O'Corr Nadiya;Tech
697;Rochette;Rochette Leitche;Leitche;l.rochette;l.rochette;l.rochette@kmr.lan;Leitche Rochette;Tech
698;Cleavland;Cleavland Emeny;Emeny;e.cleavland;e.cleavland;e.cleavland@kmr.lan;Emeny Cleavland;Tech
699;Sigismund;Sigismund Budleigh;Budleigh;b.sigismund;b.sigismund;b.sigismund@kmr.lan;Budleigh Sigismund;Tech
700;Shelia;Shelia Gaythorpe;Gaythorpe;g.shelia;g.shelia;g.shelia@kmr.lan;Gaythorpe Shelia;Tech
701;Eleonore;Eleonore Botting;Botting;b.eleonore;b.eleonore;b.eleonore@kmr.lan;Botting Eleonore;Tech
702;Lorne;Lorne Fludder;Fludder;f.lorne;f.lorne;f.lorne@kmr.lan;Fludder Lorne;Tech
703;Davida;Davida Tasker;Tasker;t.davida;t.davida;t.davida@kmr.lan;Tasker Davida;Tech
704;George;George Ruperto;Ruperto;r.george;r.george;r.george@kmr.lan;Ruperto George;Tech
705;Ami;Ami Molnar;Molnar;m.ami;m.ami;m.ami@kmr.lan;Molnar Ami;Tech
706;Merci;Merci Lummus;Lummus;l.merci;l.merci;l.merci@kmr.lan;Lummus Merci;Tech
707;Bibbie;Bibbie Oriel;Oriel;o.bibbie;o.bibbie;o.bibbie@kmr.lan;Oriel Bibbie;Tech
708;Lelah;Lelah Grayling;Grayling;g.lelah;g.lelah;g.lelah@kmr.lan;Grayling Lelah;Tech
709;Moe;Moe Baudry;Baudry;b.moe;b.moe;b.moe@kmr.lan;Baudry Moe;Tech
710;Alanna;Alanna Haughey;Haughey;h.alanna;h.alanna;h.alanna@kmr.lan;Haughey Alanna;Tech
711;Emerson;Emerson Hundell;Hundell;h.emerson;h.emerson;h.emerson@kmr.lan;Hundell Emerson;Tech
712;Meg;Meg Accombe;Accombe;a.meg;a.meg;a.meg@kmr.lan;Accombe Meg;Tech
713;Lauree;Lauree Kerrod;Kerrod;k.lauree;k.lauree;k.lauree@kmr.lan;Kerrod Lauree;Tech
714;Yorker;Yorker Withams;Withams;w.yorker;w.yorker;w.yorker@kmr.lan;Withams Yorker;Tech
715;Grace;Grace Screwton;Screwton;s.grace;s.grace;s.grace@kmr.lan;Screwton Grace;Tech
716;Deanna;Deanna Rodger;Rodger;r.deanna;r.deanna;r.deanna@kmr.lan;Rodger Deanna;Tech
717;Haleigh;Haleigh Klimuk;Klimuk;k.haleigh;k.haleigh;k.haleigh@kmr.lan;Klimuk Haleigh;Tech
718;Sayre;Sayre Grelak;Grelak;g.sayre;g.sayre;g.sayre@kmr.lan;Grelak Sayre;Tech
719;Ara;Ara O'Lyhane;O'Lyhane;o.ara;o.ara;o.ara@kmr.lan;O'Lyhane Ara;Tech
720;Hester;Hester Culross;Culross;c.hester;c.hester;c.hester@kmr.lan;Culross Hester;Tech
721;Mohammed;Mohammed Bletso;Bletso;b.mohammed;b.mohammed;b.mohammed@kmr.lan;Bletso Mohammed;Tech
722;Daryl;Daryl Selwyn;Selwyn;s.daryl;s.daryl;s.daryl@kmr.lan;Selwyn Daryl;Tech
723;Josie;Josie Hakey;Hakey;h.josie;h.josie;h.josie@kmr.lan;Hakey Josie;Tech
724;Gypsy;Gypsy Fulloway;Fulloway;f.gypsy;f.gypsy;f.gypsy@kmr.lan;Fulloway Gypsy;Tech
725;Lanie;Lanie Crepel;Crepel;c.lanie;c.lanie;c.lanie@kmr.lan;Crepel Lanie;Tech
726;Cam;Cam Conklin;Conklin;c.cam;c.cam;c.cam@kmr.lan;Conklin Cam;Tech
727;Marcy;Marcy Waber;Waber;w.marcy;w.marcy;w.marcy@kmr.lan;Waber Marcy;Tech
728;Adelle;Adelle Dennistoun;Dennistoun;d.adelle;d.adelle;d.adelle@kmr.lan;Dennistoun Adelle;Tech
729;Karie;Karie Cranstone;Cranstone;c.karie;c.karie;c.karie@kmr.lan;Cranstone Karie;Tech
730;Denise;Denise Tilt;Tilt;t.denise;t.denise;t.denise@kmr.lan;Tilt Denise;Tech
731;Verile;Verile Varvell;Varvell;v.verile;v.verile;v.verile@kmr.lan;Varvell Verile;Tech
732;Yolanda;Yolanda Luter;Luter;l.yolanda;l.yolanda;l.yolanda@kmr.lan;Luter Yolanda;Tech
733;Maggy;Maggy Cucinotta;Cucinotta;c.maggy;c.maggy;c.maggy@kmr.lan;Cucinotta Maggy;Tech
734;Norry;Norry Hinrich;Hinrich;h.norry;h.norry;h.norry@kmr.lan;Hinrich Norry;Tech
735;Bambi;Bambi Brugmann;Brugmann;b.bambi;b.bambi;b.bambi@kmr.lan;Brugmann Bambi;Tech
736;Corie;Corie Demangeot;Demangeot;d.corie;d.corie;d.corie@kmr.lan;Demangeot Corie;Tech
737;Guss;Guss Sillwood;Sillwood;s.guss;s.guss;s.guss@kmr.lan;Sillwood Guss;Tech
738;Deeanne;Deeanne Trodler;Trodler;t.deeanne;t.deeanne;t.deeanne@kmr.lan;Trodler Deeanne;Tech
739;Adeline;Adeline Kingston;Kingston;k.adeline;k.adeline;k.adeline@kmr.lan;Kingston Adeline;Tech
740;Lettie;Lettie Hallas;Hallas;h.lettie;h.lettie;h.lettie@kmr.lan;Hallas Lettie;Tech
741;Andria;Andria Locard;Locard;l.andria;l.andria;l.andria@kmr.lan;Locard Andria;Tech
742;Sunshine;Sunshine Vigours;Vigours;v.sunshine;v.sunshine;v.sunshine@kmr.lan;Vigours Sunshine;Tech
743;Adolpho;Adolpho Gilbride;Gilbride;g.adolpho;g.adolpho;g.adolpho@kmr.lan;Gilbride Adolpho;Tech
744;Eduardo;Eduardo Gash;Gash;g.eduardo;g.eduardo;g.eduardo@kmr.lan;Gash Eduardo;Tech
745;Petronilla;Petronilla Adriani;Adriani;a.petronilla;a.petronilla;a.petronilla@kmr.lan;Adriani Petronilla;Tech
746;Moria;Moria Hincham;Hincham;h.moria;h.moria;h.moria@kmr.lan;Hincham Moria;Tech
747;Hyman;Hyman Heritege;Heritege;h.hyman;h.hyman;h.hyman@kmr.lan;Heritege Hyman;Tech
748;Reyna;Reyna Spawell;Spawell;s.reyna;s.reyna;s.reyna@kmr.lan;Spawell Reyna;Tech
749;Pete;Pete Shevlin;Shevlin;s.pete;s.pete;s.pete@kmr.lan;Shevlin Pete;Tech
750;Tiphanie;Tiphanie Beavington;Beavington;b.tiphanie;b.tiphanie;b.tiphanie@kmr.lan;Beavington Tiphanie;Tech
751;Estevan;Estevan Diano;Diano;d.estevan;d.estevan;d.estevan@kmr.lan;Diano Estevan;Tech
752;Tiffie;Tiffie Ensor;Ensor;e.tiffie;e.tiffie;e.tiffie@kmr.lan;Ensor Tiffie;Tech
753;Jeniffer;Jeniffer Hourihane;Hourihane;h.jeniffer;h.jeniffer;h.jeniffer@kmr.lan;Hourihane Jeniffer;Tech
754;Terrence;Terrence O'Ruane;O'Ruane;o.terrence;o.terrence;o.terrence@kmr.lan;O'Ruane Terrence;Tech
755;Silvana;Silvana Peltzer;Peltzer;p.silvana;p.silvana;p.silvana@kmr.lan;Peltzer Silvana;Tech
756;Constantina;Constantina Card;Card;c.constantina;c.constantina;c.constantina@kmr.lan;Card Constantina;Tech
757;Siegfried;Siegfried Greenley;Greenley;g.siegfried;g.siegfried;g.siegfried@kmr.lan;Greenley Siegfried;Tech
758;Joelie;Joelie Burren;Burren;b.joelie;b.joelie;b.joelie@kmr.lan;Burren Joelie;Tech
759;Bay;Bay Jeduch;Jeduch;j.bay;j.bay;j.bay@kmr.lan;Jeduch Bay;Tech
760;Aristotle;Aristotle Kleanthous;Kleanthous;k.aristotle;k.aristotle;k.aristotle@kmr.lan;Kleanthous Aristotle;Tech
761;Shelley;Shelley Berrygun;Berrygun;b.shelley;b.shelley;b.shelley@kmr.lan;Berrygun Shelley;Tech
762;Rudy;Rudy Gouinlock;Gouinlock;g.rudy;g.rudy;g.rudy@kmr.lan;Gouinlock Rudy;Tech
763;Trish;Trish Cleever;Cleever;c.trish;c.trish;c.trish@kmr.lan;Cleever Trish;Tech
764;Peadar;Peadar Pretious;Pretious;p.peadar;p.peadar;p.peadar@kmr.lan;Pretious Peadar;Tech
765;Caitrin;Caitrin Louthe;Louthe;l.caitrin;l.caitrin;l.caitrin@kmr.lan;Louthe Caitrin;Tech
766;Cristina;Cristina McGebenay;McGebenay;m.cristina;m.cristina;m.cristina@kmr.lan;McGebenay Cristina;Tech
767;Cecile;Cecile Pelham;Pelham;p.cecile;p.cecile;p.cecile@kmr.lan;Pelham Cecile;Tech
768;Sharia;Sharia Canaan;Canaan;c.sharia;c.sharia;c.sharia@kmr.lan;Canaan Sharia;Tech
769;Celene;Celene Le Hucquet;Le Hucquet;l.celene;l.celene;l.celene@kmr.lan;Le Hucquet Celene;Tech
770;Vic;Vic Luty;Luty;l.vic;l.vic;l.vic@kmr.lan;Luty Vic;Tech
771;Babb;Babb Ridgley;Ridgley;r.babb;r.babb;r.babb@kmr.lan;Ridgley Babb;Tech
772;Licha;Licha Cowtherd;Cowtherd;c.licha;c.licha;c.licha@kmr.lan;Cowtherd Licha;Tech
773;Witty;Witty Dillimore;Dillimore;d.witty;d.witty;d.witty@kmr.lan;Dillimore Witty;Tech
774;Flory;Flory McKew;McKew;m.flory;m.flory;m.flory@kmr.lan;McKew Flory;Tech
775;Rosemonde;Rosemonde Nuzzi;Nuzzi;n.rosemonde;n.rosemonde;n.rosemonde@kmr.lan;Nuzzi Rosemonde;Tech
776;Ham;Ham Pawlata;Pawlata;p.ham;p.ham;p.ham@kmr.lan;Pawlata Ham;Tech
777;Richy;Richy Dunstall;Dunstall;d.richy;d.richy;d.richy@kmr.lan;Dunstall Richy;Tech
778;Elihu;Elihu Hayter;Hayter;h.elihu;h.elihu;h.elihu@kmr.lan;Hayter Elihu;Tech
779;Vlad;Vlad Brannan;Brannan;b.vlad;b.vlad;b.vlad@kmr.lan;Brannan Vlad;Tech
780;Kendricks;Kendricks Parke;Parke;p.kendricks;p.kendricks;p.kendricks@kmr.lan;Parke Kendricks;Tech
781;Spencer;Spencer Tuft;Tuft;t.spencer;t.spencer;t.spencer@kmr.lan;Tuft Spencer;Tech
782;Carolyn;Carolyn Murton;Murton;m.carolyn;m.carolyn;m.carolyn@kmr.lan;Murton Carolyn;Tech
783;Jillie;Jillie O'Farrell;O'Farrell;o.jillie;o.jillie;o.jillie@kmr.lan;O'Farrell Jillie;Tech
784;Sibley;Sibley Faldo;Faldo;f.sibley;f.sibley;f.sibley@kmr.lan;Faldo Sibley;Tech
785;Brit;Brit Gudgin;Gudgin;g.brit;g.brit;g.brit@kmr.lan;Gudgin Brit;Tech
786;Abrahan;Abrahan Waggatt;Waggatt;w.abrahan;w.abrahan;w.abrahan@kmr.lan;Waggatt Abrahan;Tech
787;Zonnya;Zonnya Welland;Welland;w.zonnya;w.zonnya;w.zonnya@kmr.lan;Welland Zonnya;Tech
788;Rip;Rip Cardus;Cardus;c.rip;c.rip;c.rip@kmr.lan;Cardus Rip;Tech
789;Darice;Darice Rountree;Rountree;r.darice;r.darice;r.darice@kmr.lan;Rountree Darice;Tech
790;Ferdy;Ferdy Geikie;Geikie;g.ferdy;g.ferdy;g.ferdy@kmr.lan;Geikie Ferdy;Tech
791;Silvano;Silvano Astbury;Astbury;a.silvano;a.silvano;a.silvano@kmr.lan;Astbury Silvano;Tech
792;Dunc;Dunc Labes;Labes;l.dunc;l.dunc;l.dunc@kmr.lan;Labes Dunc;Tech
793;Amble;Amble Streetley;Streetley;s.amble;s.amble;s.amble@kmr.lan;Streetley Amble;Tech
794;Cele;Cele Osban;Osban;o.cele;o.cele;o.cele@kmr.lan;Osban Cele;Tech
795;Teriann;Teriann Erley;Erley;e.teriann;e.teriann;e.teriann@kmr.lan;Erley Teriann;Tech
796;Federico;Federico Navaro;Navaro;n.federico;n.federico;n.federico@kmr.lan;Navaro Federico;Tech
797;Bobbie;Bobbie Carren;Carren;c.bobbie;c.bobbie;c.bobbie@kmr.lan;Carren Bobbie;Tech
798;Malvin;Malvin Clac;Clac;c.malvin;c.malvin;c.malvin@kmr.lan;Clac Malvin;Tech
799;Sig;Sig Newbury;Newbury;n.sig;n.sig;n.sig@kmr.lan;Newbury Sig;Tech
800;Hyacinth;Hyacinth Badgers;Badgers;b.hyacinth;b.hyacinth;b.hyacinth@kmr.lan;Badgers Hyacinth;Tech
801;Winthrop;Winthrop Bail;Bail;b.winthrop;b.winthrop;b.winthrop@kmr.lan;Bail Winthrop;Tech
802;Gradey;Gradey Boch;Boch;b.gradey;b.gradey;b.gradey@kmr.lan;Boch Gradey;Tech
803;Tiena;Tiena O'Dowgaine;O'Dowgaine;o.tiena;o.tiena;o.tiena@kmr.lan;O'Dowgaine Tiena;Tech
804;Dukie;Dukie Bagwell;Bagwell;b.dukie;b.dukie;b.dukie@kmr.lan;Bagwell Dukie;Tech
805;Gaylord;Gaylord Croad;Croad;c.gaylord;c.gaylord;c.gaylord@kmr.lan;Croad Gaylord;Tech
806;Clarice;Clarice Bullar;Bullar;b.clarice;b.clarice;b.clarice@kmr.lan;Bullar Clarice;Tech
807;Jobye;Jobye Hynde;Hynde;h.jobye;h.jobye;h.jobye@kmr.lan;Hynde Jobye;Tech
808;Christabella;Christabella Wrintmore;Wrintmore;w.christabella;w.christabella;w.christabella@kmr.lan;Wrintmore Christabella;Tech
809;Zsa zsa;Zsa zsa Gapp;Gapp;g.zsa zsa;g.zsa zsa;g.zsa zsa@kmr.lan;Gapp Zsa zsa;Tech
810;Annaliese;Annaliese Lauthian;Lauthian;l.annaliese;l.annaliese;l.annaliese@kmr.lan;Lauthian Annaliese;Tech
811;Lanette;Lanette Leason;Leason;l.lanette;l.lanette;l.lanette@kmr.lan;Leason Lanette;Tech
812;Nananne;Nananne Rubberts;Rubberts;r.nananne;r.nananne;r.nananne@kmr.lan;Rubberts Nananne;Tech
813;Winston;Winston Rorke;Rorke;r.winston;r.winston;r.winston@kmr.lan;Rorke Winston;Tech
814;Danica;Danica Hawkslee;Hawkslee;h.danica;h.danica;h.danica@kmr.lan;Hawkslee Danica;Tech
815;Meridel;Meridel Abarough;Abarough;a.meridel;a.meridel;a.meridel@kmr.lan;Abarough Meridel;Tech
816;Rosabella;Rosabella Sex;Sex;s.rosabella;s.rosabella;s.rosabella@kmr.lan;Sex Rosabella;Tech
817;Philippa;Philippa Harries;Harries;h.philippa;h.philippa;h.philippa@kmr.lan;Harries Philippa;Tech
818;Donaugh;Donaugh Moggach;Moggach;m.donaugh;m.donaugh;m.donaugh@kmr.lan;Moggach Donaugh;Tech
819;Tarah;Tarah Haseman;Haseman;h.tarah;h.tarah;h.tarah@kmr.lan;Haseman Tarah;Tech
820;Evvy;Evvy Yakhin;Yakhin;y.evvy;y.evvy;y.evvy@kmr.lan;Yakhin Evvy;Tech
821;Jeremy;Jeremy Driussi;Driussi;d.jeremy;d.jeremy;d.jeremy@kmr.lan;Driussi Jeremy;Tech
822;Adda;Adda D'Ruel;D'Ruel;d.adda;d.adda;d.adda@kmr.lan;D'Ruel Adda;Tech
823;Rossie;Rossie Inder;Inder;i.rossie;i.rossie;i.rossie@kmr.lan;Inder Rossie;Tech
824;Tatum;Tatum Mart;Mart;m.tatum;m.tatum;m.tatum@kmr.lan;Mart Tatum;Tech
825;Liam;Liam Canon;Canon;c.liam;c.liam;c.liam@kmr.lan;Canon Liam;Tech
826;Massimiliano;Massimiliano Ortelt;Ortelt;o.massimiliano;o.massimiliano;o.massimiliano@kmr.lan;Ortelt Massimiliano;Tech
827;Darleen;Darleen Beamont;Beamont;b.darleen;b.darleen;b.darleen@kmr.lan;Beamont Darleen;Tech
828;Kristyn;Kristyn Meijer;Meijer;m.kristyn;m.kristyn;m.kristyn@kmr.lan;Meijer Kristyn;Tech
829;Paddy;Paddy Tremmil;Tremmil;t.paddy;t.paddy;t.paddy@kmr.lan;Tremmil Paddy;Tech
830;Laurena;Laurena Fownes;Fownes;f.laurena;f.laurena;f.laurena@kmr.lan;Fownes Laurena;Tech
831;Keane;Keane Statefield;Statefield;s.keane;s.keane;s.keane@kmr.lan;Statefield Keane;Tech
832;Henriette;Henriette Leppo;Leppo;l.henriette;l.henriette;l.henriette@kmr.lan;Leppo Henriette;Tech
833;Windy;Windy Baudinelli;Baudinelli;b.windy;b.windy;b.windy@kmr.lan;Baudinelli Windy;Tech
834;Powell;Powell Veneur;Veneur;v.powell;v.powell;v.powell@kmr.lan;Veneur Powell;Tech
835;Sibylle;Sibylle Greenwood;Greenwood;g.sibylle;g.sibylle;g.sibylle@kmr.lan;Greenwood Sibylle;Tech
836;Derrik;Derrik Caspell;Caspell;c.derrik;c.derrik;c.derrik@kmr.lan;Caspell Derrik;Tech
837;Darrick;Darrick Jeyes;Jeyes;j.darrick;j.darrick;j.darrick@kmr.lan;Jeyes Darrick;Tech
838;Pamella;Pamella Pursglove;Pursglove;p.pamella;p.pamella;p.pamella@kmr.lan;Pursglove Pamella;Tech
839;Ede;Ede Pyett;Pyett;p.ede;p.ede;p.ede@kmr.lan;Pyett Ede;Tech
840;Weylin;Weylin Meiklam;Meiklam;m.weylin;m.weylin;m.weylin@kmr.lan;Meiklam Weylin;Tech
841;Susette;Susette Henric;Henric;h.susette;h.susette;h.susette@kmr.lan;Henric Susette;Tech
842;Gui;Gui Sidwick;Sidwick;s.gui;s.gui;s.gui@kmr.lan;Sidwick Gui;Tech
843;Elvin;Elvin Jordin;Jordin;j.elvin;j.elvin;j.elvin@kmr.lan;Jordin Elvin;Tech
844;Wilt;Wilt Marc;Marc;m.wilt;m.wilt;m.wilt@kmr.lan;Marc Wilt;Tech
845;Germana;Germana Karby;Karby;k.germana;k.germana;k.germana@kmr.lan;Karby Germana;Tech
846;Cathryn;Cathryn Douglass;Douglass;d.cathryn;d.cathryn;d.cathryn@kmr.lan;Douglass Cathryn;Tech
847;Corliss;Corliss Marciskewski;Marciskewski;m.corliss;m.corliss;m.corliss@kmr.lan;Marciskewski Corliss;Tech
848;Kamila;Kamila Brandom;Brandom;b.kamila;b.kamila;b.kamila@kmr.lan;Brandom Kamila;Tech
849;Margarette;Margarette Gonnard;Gonnard;g.margarette;g.margarette;g.margarette@kmr.lan;Gonnard Margarette;Tech
850;Clyve;Clyve Mell;Mell;m.clyve;m.clyve;m.clyve@kmr.lan;Mell Clyve;Tech
851;Madelle;Madelle Jenk;Jenk;j.madelle;j.madelle;j.madelle@kmr.lan;Jenk Madelle;Tech
852;Charmine;Charmine Laidler;Laidler;l.charmine;l.charmine;l.charmine@kmr.lan;Laidler Charmine;Tech
853;Helene;Helene Stillman;Stillman;s.helene;s.helene;s.helene@kmr.lan;Stillman Helene;Tech
854;Lauralee;Lauralee Starking;Starking;s.lauralee;s.lauralee;s.lauralee@kmr.lan;Starking Lauralee;Tech
855;Joli;Joli McKelvie;McKelvie;m.joli;m.joli;m.joli@kmr.lan;McKelvie Joli;Tech
856;Dalston;Dalston Stive;Stive;s.dalston;s.dalston;s.dalston@kmr.lan;Stive Dalston;Tech
857;Vasilis;Vasilis Winwright;Winwright;w.vasilis;w.vasilis;w.vasilis@kmr.lan;Winwright Vasilis;Tech
858;Darbee;Darbee Hedworth;Hedworth;h.darbee;h.darbee;h.darbee@kmr.lan;Hedworth Darbee;Tech
859;Lauretta;Lauretta Hickisson;Hickisson;h.lauretta;h.lauretta;h.lauretta@kmr.lan;Hickisson Lauretta;Tech
860;Shara;Shara Rossborough;Rossborough;r.shara;r.shara;r.shara@kmr.lan;Rossborough Shara;Tech
861;Minta;Minta Storey;Storey;s.minta;s.minta;s.minta@kmr.lan;Storey Minta;Tech
862;Dukie;Dukie Clemenzi;Clemenzi;c.dukie;c.dukie;c.dukie@kmr.lan;Clemenzi Dukie;Tech
863;Tedra;Tedra Jakuszewski;Jakuszewski;j.tedra;j.tedra;j.tedra@kmr.lan;Jakuszewski Tedra;Tech
864;Lorena;Lorena Stummeyer;Stummeyer;s.lorena;s.lorena;s.lorena@kmr.lan;Stummeyer Lorena;Tech
865;Bing;Bing Lief;Lief;l.bing;l.bing;l.bing@kmr.lan;Lief Bing;Tech
866;Carleton;Carleton Gillhespy;Gillhespy;g.carleton;g.carleton;g.carleton@kmr.lan;Gillhespy Carleton;Tech
867;Anderea;Anderea O'Reilly;O'Reilly;o.anderea;o.anderea;o.anderea@kmr.lan;O'Reilly Anderea;Tech
868;Jamil;Jamil Priestland;Priestland;p.jamil;p.jamil;p.jamil@kmr.lan;Priestland Jamil;Tech
869;Lucy;Lucy Jorat;Jorat;j.lucy;j.lucy;j.lucy@kmr.lan;Jorat Lucy;Tech
870;Fabio;Fabio Burras;Burras;b.fabio;b.fabio;b.fabio@kmr.lan;Burras Fabio;Tech
871;Carlye;Carlye Sandaver;Sandaver;s.carlye;s.carlye;s.carlye@kmr.lan;Sandaver Carlye;Tech
872;Constancy;Constancy Denisard;Denisard;d.constancy;d.constancy;d.constancy@kmr.lan;Denisard Constancy;Tech
873;Carver;Carver Bowering;Bowering;b.carver;b.carver;b.carver@kmr.lan;Bowering Carver;Tech
874;Yuri;Yuri Weblin;Weblin;w.yuri;w.yuri;w.yuri@kmr.lan;Weblin Yuri;Tech
875;Scottie;Scottie Russ;Russ;r.scottie;r.scottie;r.scottie@kmr.lan;Russ Scottie;Tech
876;Natale;Natale Daldan;Daldan;d.natale;d.natale;d.natale@kmr.lan;Daldan Natale;Tech
877;Shelba;Shelba Krolik;Krolik;k.shelba;k.shelba;k.shelba@kmr.lan;Krolik Shelba;Tech
878;Shawn;Shawn Spellacey;Spellacey;s.shawn;s.shawn;s.shawn@kmr.lan;Spellacey Shawn;Tech
879;Arnoldo;Arnoldo McCrea;McCrea;m.arnoldo;m.arnoldo;m.arnoldo@kmr.lan;McCrea Arnoldo;Tech
880;Kristien;Kristien Barti;Barti;b.kristien;b.kristien;b.kristien@kmr.lan;Barti Kristien;Tech
881;Chiarra;Chiarra Glawsop;Glawsop;g.chiarra;g.chiarra;g.chiarra@kmr.lan;Glawsop Chiarra;Tech
882;Hedi;Hedi Gaynesford;Gaynesford;g.hedi;g.hedi;g.hedi@kmr.lan;Gaynesford Hedi;Tech
883;Carson;Carson Tilston;Tilston;t.carson;t.carson;t.carson@kmr.lan;Tilston Carson;Tech
884;Andrea;Andrea Cradey;Cradey;c.andrea;c.andrea;c.andrea@kmr.lan;Cradey Andrea;Tech
885;Willie;Willie Barabich;Barabich;b.willie;b.willie;b.willie@kmr.lan;Barabich Willie;Tech
886;Teirtza;Teirtza Bayley;Bayley;b.teirtza;b.teirtza;b.teirtza@kmr.lan;Bayley Teirtza;Tech
887;Ashely;Ashely Lawee;Lawee;l.ashely;l.ashely;l.ashely@kmr.lan;Lawee Ashely;Tech
888;Harwilll;Harwilll Crumbleholme;Crumbleholme;c.harwilll;c.harwilll;c.harwilll@kmr.lan;Crumbleholme Harwilll;Tech
889;Baxter;Baxter Theodoris;Theodoris;t.baxter;t.baxter;t.baxter@kmr.lan;Theodoris Baxter;Tech
890;Christy;Christy Toombes;Toombes;t.christy;t.christy;t.christy@kmr.lan;Toombes Christy;Tech
891;Chas;Chas Armfirld;Armfirld;a.chas;a.chas;a.chas@kmr.lan;Armfirld Chas;Tech
892;Gaelan;Gaelan Lyven;Lyven;l.gaelan;l.gaelan;l.gaelan@kmr.lan;Lyven Gaelan;Tech
893;Aggie;Aggie Andrewartha;Andrewartha;a.aggie;a.aggie;a.aggie@kmr.lan;Andrewartha Aggie;Tech
894;Geralda;Geralda Evennett;Evennett;e.geralda;e.geralda;e.geralda@kmr.lan;Evennett Geralda;Tech
895;Cull;Cull Lammas;Lammas;l.cull;l.cull;l.cull@kmr.lan;Lammas Cull;Tech
896;Livvy;Livvy Tapply;Tapply;t.livvy;t.livvy;t.livvy@kmr.lan;Tapply Livvy;Tech
897;Kevan;Kevan Nolan;Nolan;n.kevan;n.kevan;n.kevan@kmr.lan;Nolan Kevan;Tech
898;Lancelot;Lancelot Bridgstock;Bridgstock;b.lancelot;b.lancelot;b.lancelot@kmr.lan;Bridgstock Lancelot;Tech
899;Camilla;Camilla Eveque;Eveque;e.camilla;e.camilla;e.camilla@kmr.lan;Eveque Camilla;Tech
900;Giordano;Giordano Buckland;Buckland;b.giordano;b.giordano;b.giordano@kmr.lan;Buckland Giordano;Tech
901;Stanwood;Stanwood Wabersinke;Wabersinke;w.stanwood;w.stanwood;w.stanwood@kmr.lan;Wabersinke Stanwood;Tech
902;Heda;Heda Tompkins;Tompkins;t.heda;t.heda;t.heda@kmr.lan;Tompkins Heda;Tech
903;Leann;Leann Piggens;Piggens;p.leann;p.leann;p.leann@kmr.lan;Piggens Leann;Tech
904;Wilhelmina;Wilhelmina McGirr;McGirr;m.wilhelmina;m.wilhelmina;m.wilhelmina@kmr.lan;McGirr Wilhelmina;Tech
905;Sella;Sella Shord;Shord;s.sella;s.sella;s.sella@kmr.lan;Shord Sella;Tech
906;Arlana;Arlana Bowlas;Bowlas;b.arlana;b.arlana;b.arlana@kmr.lan;Bowlas Arlana;Tech
907;Annice;Annice Brownlea;Brownlea;b.annice;b.annice;b.annice@kmr.lan;Brownlea Annice;Tech
908;Lexie;Lexie Benallack;Benallack;b.lexie;b.lexie;b.lexie@kmr.lan;Benallack Lexie;Tech
909;Caresa;Caresa Crayton;Crayton;c.caresa;c.caresa;c.caresa@kmr.lan;Crayton Caresa;Tech
910;Caz;Caz Tytcomb;Tytcomb;t.caz;t.caz;t.caz@kmr.lan;Tytcomb Caz;Tech
911;Terri;Terri Morecombe;Morecombe;m.terri;m.terri;m.terri@kmr.lan;Morecombe Terri;Tech
912;Alverta;Alverta Rubinovici;Rubinovici;r.alverta;r.alverta;r.alverta@kmr.lan;Rubinovici Alverta;Tech
913;Ahmed;Ahmed Swidenbank;Swidenbank;s.ahmed;s.ahmed;s.ahmed@kmr.lan;Swidenbank Ahmed;Tech
914;Thoma;Thoma Kohler;Kohler;k.thoma;k.thoma;k.thoma@kmr.lan;Kohler Thoma;Tech
915;Carmine;Carmine Spellard;Spellard;s.carmine;s.carmine;s.carmine@kmr.lan;Spellard Carmine;Tech
916;Karel;Karel Petrou;Petrou;p.karel;p.karel;p.karel@kmr.lan;Petrou Karel;Tech
917;Glenna;Glenna Drogan;Drogan;d.glenna;d.glenna;d.glenna@kmr.lan;Drogan Glenna;Tech
918;Pennie;Pennie Lembcke;Lembcke;l.pennie;l.pennie;l.pennie@kmr.lan;Lembcke Pennie;Tech
919;Alexandro;Alexandro Buesnel;Buesnel;b.alexandro;b.alexandro;b.alexandro@kmr.lan;Buesnel Alexandro;Tech
920;Thomasin;Thomasin McCole;McCole;m.thomasin;m.thomasin;m.thomasin@kmr.lan;McCole Thomasin;Tech
921;Rand;Rand Beinisch;Beinisch;b.rand;b.rand;b.rand@kmr.lan;Beinisch Rand;Tech
922;Alana;Alana Stow;Stow;s.alana;s.alana;s.alana@kmr.lan;Stow Alana;Tech
923;Libbey;Libbey Kerford;Kerford;k.libbey;k.libbey;k.libbey@kmr.lan;Kerford Libbey;Tech
924;Charissa;Charissa Huckell;Huckell;h.charissa;h.charissa;h.charissa@kmr.lan;Huckell Charissa;Tech
925;Darrell;Darrell Zanettini;Zanettini;z.darrell;z.darrell;z.darrell@kmr.lan;Zanettini Darrell;Tech
926;Sadie;Sadie Oakden;Oakden;o.sadie;o.sadie;o.sadie@kmr.lan;Oakden Sadie;Tech
927;Niki;Niki Cruickshanks;Cruickshanks;c.niki;c.niki;c.niki@kmr.lan;Cruickshanks Niki;Tech
928;Horatius;Horatius Baldacco;Baldacco;b.horatius;b.horatius;b.horatius@kmr.lan;Baldacco Horatius;Tech
929;Carma;Carma Feld;Feld;f.carma;f.carma;f.carma@kmr.lan;Feld Carma;Tech
930;Mellie;Mellie Houlton;Houlton;h.mellie;h.mellie;h.mellie@kmr.lan;Houlton Mellie;Tech
931;Alena;Alena Conor;Conor;c.alena;c.alena;c.alena@kmr.lan;Conor Alena;Tech
932;Lindy;Lindy Kenen;Kenen;k.lindy;k.lindy;k.lindy@kmr.lan;Kenen Lindy;Tech
933;Gerald;Gerald Freemantle;Freemantle;f.gerald;f.gerald;f.gerald@kmr.lan;Freemantle Gerald;Tech
934;Michelle;Michelle Esby;Esby;e.michelle;e.michelle;e.michelle@kmr.lan;Esby Michelle;Tech
935;Ferdy;Ferdy Nellies;Nellies;n.ferdy;n.ferdy;n.ferdy@kmr.lan;Nellies Ferdy;Tech
936;Mel;Mel Belamy;Belamy;b.mel;b.mel;b.mel@kmr.lan;Belamy Mel;Tech
937;Lanita;Lanita Genthner;Genthner;g.lanita;g.lanita;g.lanita@kmr.lan;Genthner Lanita;Tech
938;Merry;Merry Crossby;Crossby;c.merry;c.merry;c.merry@kmr.lan;Crossby Merry;Tech
939;Natalya;Natalya Learoyde;Learoyde;l.natalya;l.natalya;l.natalya@kmr.lan;Learoyde Natalya;Tech
940;Mick;Mick Cawcutt;Cawcutt;c.mick;c.mick;c.mick@kmr.lan;Cawcutt Mick;Tech
941;Arvy;Arvy Bon;Bon;b.arvy;b.arvy;b.arvy@kmr.lan;Bon Arvy;Tech
942;Donella;Donella Senett;Senett;s.donella;s.donella;s.donella@kmr.lan;Senett Donella;Tech
943;Malchy;Malchy Goggey;Goggey;g.malchy;g.malchy;g.malchy@kmr.lan;Goggey Malchy;Tech
944;Joellyn;Joellyn Colborn;Colborn;c.joellyn;c.joellyn;c.joellyn@kmr.lan;Colborn Joellyn;Tech
945;Issi;Issi Acland;Acland;a.issi;a.issi;a.issi@kmr.lan;Acland Issi;Tech
946;Humbert;Humbert Novill;Novill;n.humbert;n.humbert;n.humbert@kmr.lan;Novill Humbert;Tech
947;Kiley;Kiley Gravett;Gravett;g.kiley;g.kiley;g.kiley@kmr.lan;Gravett Kiley;Tech
948;Odelinda;Odelinda Tooby;Tooby;t.odelinda;t.odelinda;t.odelinda@kmr.lan;Tooby Odelinda;Tech
949;Alia;Alia Edgeworth;Edgeworth;e.alia;e.alia;e.alia@kmr.lan;Edgeworth Alia;Tech
950;Tanitansy;Tanitansy Liccardi;Liccardi;l.tanitansy;l.tanitansy;l.tanitansy@kmr.lan;Liccardi Tanitansy;Tech
951;Candis;Candis Melburg;Melburg;m.candis;m.candis;m.candis@kmr.lan;Melburg Candis;Tech
952;Verge;Verge Skamal;Skamal;s.verge;s.verge;s.verge@kmr.lan;Skamal Verge;Tech
953;Aundrea;Aundrea Tullis;Tullis;t.aundrea;t.aundrea;t.aundrea@kmr.lan;Tullis Aundrea;Tech
954;Jacqui;Jacqui Pendle;Pendle;p.jacqui;p.jacqui;p.jacqui@kmr.lan;Pendle Jacqui;Tech
955;Lothaire;Lothaire Pasfield;Pasfield;p.lothaire;p.lothaire;p.lothaire@kmr.lan;Pasfield Lothaire;Tech
956;Octavius;Octavius Coultar;Coultar;c.octavius;c.octavius;c.octavius@kmr.lan;Coultar Octavius;Tech
957;Cordelia;Cordelia Trythall;Trythall;t.cordelia;t.cordelia;t.cordelia@kmr.lan;Trythall Cordelia;Tech
958;Claiborne;Claiborne Roll;Roll;r.claiborne;r.claiborne;r.claiborne@kmr.lan;Roll Claiborne;Tech
959;Zed;Zed Skurray;Skurray;s.zed;s.zed;s.zed@kmr.lan;Skurray Zed;Tech
960;Claiborn;Claiborn Jocic;Jocic;j.claiborn;j.claiborn;j.claiborn@kmr.lan;Jocic Claiborn;Tech
961;Orville;Orville Mills;Mills;m.orville;m.orville;m.orville@kmr.lan;Mills Orville;Tech
962;Stanislaw;Stanislaw Swinglehurst;Swinglehurst;s.stanislaw;s.stanislaw;s.stanislaw@kmr.lan;Swinglehurst Stanislaw;Tech
963;Anneliese;Anneliese Spiaggia;Spiaggia;s.anneliese;s.anneliese;s.anneliese@kmr.lan;Spiaggia Anneliese;Tech
964;Alvin;Alvin Taysbil;Taysbil;t.alvin;t.alvin;t.alvin@kmr.lan;Taysbil Alvin;Tech
965;Penn;Penn Delagua;Delagua;d.penn;d.penn;d.penn@kmr.lan;Delagua Penn;Tech
966;Orion;Orion Kempton;Kempton;k.orion;k.orion;k.orion@kmr.lan;Kempton Orion;Tech
967;Melamie;Melamie Sanper;Sanper;s.melamie;s.melamie;s.melamie@kmr.lan;Sanper Melamie;Tech
968;Sharon;Sharon Gerriessen;Gerriessen;g.sharon;g.sharon;g.sharon@kmr.lan;Gerriessen Sharon;Tech
969;Sibyl;Sibyl Mangeot;Mangeot;m.sibyl;m.sibyl;m.sibyl@kmr.lan;Mangeot Sibyl;Tech
970;Osborn;Osborn Mathou;Mathou;m.osborn;m.osborn;m.osborn@kmr.lan;Mathou Osborn;Tech
971;Leonardo;Leonardo Linnock;Linnock;l.leonardo;l.leonardo;l.leonardo@kmr.lan;Linnock Leonardo;Tech
972;Car;Car Parks;Parks;p.car;p.car;p.car@kmr.lan;Parks Car;Tech
973;Kerrill;Kerrill Kinnaird;Kinnaird;k.kerrill;k.kerrill;k.kerrill@kmr.lan;Kinnaird Kerrill;Tech
974;Wayland;Wayland Tong;Tong;t.wayland;t.wayland;t.wayland@kmr.lan;Tong Wayland;Tech
975;Talbot;Talbot Kull;Kull;k.talbot;k.talbot;k.talbot@kmr.lan;Kull Talbot;Tech
976;Aggy;Aggy Biernacki;Biernacki;b.aggy;b.aggy;b.aggy@kmr.lan;Biernacki Aggy;Tech
977;Rois;Rois Pischoff;Pischoff;p.rois;p.rois;p.rois@kmr.lan;Pischoff Rois;Tech
978;Cordey;Cordey Momery;Momery;m.cordey;m.cordey;m.cordey@kmr.lan;Momery Cordey;Tech
979;Daphne;Daphne Geldeford;Geldeford;g.daphne;g.daphne;g.daphne@kmr.lan;Geldeford Daphne;Tech
980;Kaylee;Kaylee Lob;Lob;l.kaylee;l.kaylee;l.kaylee@kmr.lan;Lob Kaylee;Tech
981;Kimberlee;Kimberlee Spearman;Spearman;s.kimberlee;s.kimberlee;s.kimberlee@kmr.lan;Spearman Kimberlee;Tech
982;Inglebert;Inglebert Collelton;Collelton;c.inglebert;c.inglebert;c.inglebert@kmr.lan;Collelton Inglebert;Tech
983;Corrianne;Corrianne Dobsons;Dobsons;d.corrianne;d.corrianne;d.corrianne@kmr.lan;Dobsons Corrianne;Tech
984;Shelbi;Shelbi Hove;Hove;h.shelbi;h.shelbi;h.shelbi@kmr.lan;Hove Shelbi;Tech
985;Loutitia;Loutitia Baxill;Baxill;b.loutitia;b.loutitia;b.loutitia@kmr.lan;Baxill Loutitia;Tech
986;Anissa;Anissa Bountiff;Bountiff;b.anissa;b.anissa;b.anissa@kmr.lan;Bountiff Anissa;Tech
987;Camilla;Camilla Bythway;Bythway;b.camilla;b.camilla;b.camilla@kmr.lan;Bythway Camilla;Tech
988;Cathi;Cathi Allwright;Allwright;a.cathi;a.cathi;a.cathi@kmr.lan;Allwright Cathi;Tech
989;Karlie;Karlie Doumenc;Doumenc;d.karlie;d.karlie;d.karlie@kmr.lan;Doumenc Karlie;Tech
990;Bobbette;Bobbette Batrim;Batrim;b.bobbette;b.bobbette;b.bobbette@kmr.lan;Batrim Bobbette;Tech
991;Berrie;Berrie Hastler;Hastler;h.berrie;h.berrie;h.berrie@kmr.lan;Hastler Berrie;Tech
992;Sydel;Sydel Buscher;Buscher;b.sydel;b.sydel;b.sydel@kmr.lan;Buscher Sydel;Tech
993;Hoyt;Hoyt Beesley;Beesley;b.hoyt;b.hoyt;b.hoyt@kmr.lan;Beesley Hoyt;Tech
994;Nixie;Nixie Ferrick;Ferrick;f.nixie;f.nixie;f.nixie@kmr.lan;Ferrick Nixie;Tech
995;Sal;Sal Imbrey;Imbrey;i.sal;i.sal;i.sal@kmr.lan;Imbrey Sal;Tech
996;Tan;Tan Childs;Childs;c.tan;c.tan;c.tan@kmr.lan;Childs Tan;Tech
997;Glyn;Glyn Lainton;Lainton;l.glyn;l.glyn;l.glyn@kmr.lan;Lainton Glyn;Tech
998;Carlyn;Carlyn Browne;Browne;b.carlyn;b.carlyn;b.carlyn@kmr.lan;Browne Carlyn;Tech
999;Gerhardine;Gerhardine Heintzsch;Heintzsch;h.gerhardine;h.gerhardine;h.gerhardine@kmr.lan;Heintzsch Gerhardine;Tech
1000;Jere;Jere Leroux;Leroux;l.jere;l.jere;l.jere@kmr.lan;Leroux Jere;Tech
